invoice_id,actual_paid_late,predicted_paid_late,confidence_paid_late,actual_is_fraud,predicted_is_fraud,confidence_is_fraud
SYN-01025,1,0,0.58,0,0,0.85
SYN-01026,0,0,0.6,1,0,0.54
SYN-01027,0,1,0.56,0,0,0.89
SYN-01028,0,0,0.54,0,0,0.91
SYN-01029,1,0,0.73,0,0,0.92
SYN-01030,0,0,0.78,0,0,0.92
SYN-01031,0,0,0.59,0,0,0.91
SYN-01032,0,0,0.81,0,0,0.92
SYN-01033,0,0,0.63,0,0,0.92
SYN-01034,1,0,0.61,0,0,0.86
SYN-01035,0,0,0.58,0,0,0.91
SYN-01036,0,0,0.54,0,1,0.78
SYN-01037,0,0,0.63,0,0,0.91
SYN-01038,0,0,0.85,0,0,0.92
SYN-01039,0,0,0.5,1,0,0.51
SYN-01040,0,1,0.59,0,1,0.5
SYN-01041,0,1,0.65,0,0,0.88
SYN-01042,0,1,0.64,0,0,0.55
SYN-01043,0,1,0.57,0,0,0.88
SYN-01044,0,1,0.56,0,0,0.81
SYN-01045,0,0,0.63,0,0,0.9
SYN-01046,1,0,0.7,0,0,0.53
SYN-01047,1,0,0.77,0,0,0.91
SYN-01048,1,1,0.7,0,1,0.52
SYN-01049,1,1,0.52,0,0,0.91
SYN-01050,0,1,0.57,0,0,0.88
SYN-01051,0,1,0.59,0,1,0.59
SYN-01052,1,1,0.54,0,0,0.84
SYN-01053,0,1,0.73,0,0,0.84
SYN-01054,1,0,0.57,0,0,0.91
SYN-01055,0,0,0.54,0,0,0.84
SYN-01056,0,1,0.63,0,0,0.89
SYN-01057,0,0,0.67,0,0,0.9
SYN-01058,1,1,0.66,0,0,0.9
SYN-01059,0,0,0.55,0,0,0.91
SYN-01060,1,1,0.5,0,1,0.58
SYN-01061,1,1,0.73,1,1,0.53
SYN-01062,1,1,0.58,0,0,0.91
SYN-01063,0,0,0.8,0,0,0.91
SYN-01064,0,0,0.67,0,0,0.86
SYN-01065,1,1,0.69,0,0,0.82
SYN-01066,0,0,0.74,0,0,0.9
SYN-01067,0,1,0.53,0,0,0.87
SYN-01068,1,1,0.66,0,0,0.89
SYN-01069,1,0,0.56,0,0,0.9
SYN-01070,1,1,0.86,0,0,0.84
SYN-01071,0,0,0.64,0,1,0.66
SYN-01072,1,1,0.7,0,0,0.89
SYN-01073,1,1,0.8,0,0,0.83
SYN-01074,0,0,0.56,0,0,0.91
SYN-01075,1,1,0.82,0,1,0.6
SYN-01076,0,0,0.73,0,0,0.92
SYN-01077,1,1,0.72,0,0,0.9
SYN-01078,0,0,0.54,0,0,0.92
SYN-01079,1,1,0.52,0,1,0.58
SYN-01080,0,1,0.71,0,0,0.85
SYN-01081,0,0,0.74,0,0,0.86
SYN-01082,1,0,0.64,0,0,0.85
SYN-01083,0,0,0.76,0,0,0.92
SYN-01084,0,0,0.69,0,1,0.58
SYN-01085,1,1,0.53,0,0,0.91
SYN-01086,1,1,0.68,0,0,0.87
SYN-01087,1,1,0.51,0,0,0.87
SYN-01088,0,0,0.61,0,0,0.91
SYN-01089,0,0,0.55,0,0,0.9
SYN-01090,1,0,0.5,0,0,0.91
SYN-01091,0,0,0.55,0,0,0.58
SYN-01092,1,0,0.59,0,0,0.85
SYN-01093,0,1,0.62,0,0,0.85
SYN-01094,0,0,0.62,0,0,0.92
SYN-01095,0,0,0.71,0,0,0.82
SYN-01096,0,0,0.6,0,0,0.91
SYN-01097,0,0,0.51,0,0,0.9
SYN-01098,1,1,0.75,0,0,0.89
SYN-01099,0,0,0.57,0,0,0.9
SYN-01100,0,0,0.56,0,0,0.85
SYN-01101,1,1,0.54,0,0,0.91
SYN-01102,1,0,0.55,0,0,0.9
SYN-01103,0,0,0.81,0,0,0.91
SYN-01104,0,0,0.62,0,0,0.91
SYN-01105,1,1,0.52,0,0,0.88
SYN-01106,1,1,0.71,1,0,0.84
SYN-01107,1,1,0.65,0,0,0.9
SYN-01108,0,0,0.55,0,0,0.91
SYN-01109,0,1,0.5,0,0,0.83
SYN-01110,0,1,0.6,0,0,0.91
SYN-01111,1,1,0.57,0,0,0.89
SYN-01112,0,0,0.56,1,1,0.55
SYN-01113,1,1,0.53,0,0,0.83
SYN-01114,0,0,0.76,0,0,0.92
SYN-01115,0,1,0.55,0,0,0.88
SYN-01116,1,0,0.64,0,0,0.91
SYN-01117,0,1,0.52,0,0,0.85
SYN-01118,0,1,0.63,1,1,0.55
SYN-01119,0,0,0.71,0,0,0.55
SYN-01120,0,0,0.52,1,0,0.6
SYN-01121,1,1,0.52,0,0,0.89
SYN-01122,0,0,0.62,0,0,0.9
SYN-01123,0,0,0.74,0,0,0.92
SYN-01124,1,0,0.52,0,1,0.5
SYN-01125,1,1,0.75,0,0,0.88
SYN-01126,1,0,0.61,0,0,0.55
SYN-01127,1,1,0.75,0,0,0.88
SYN-01128,0,0,0.64,0,0,0.91
SYN-01129,0,0,0.51,0,0,0.9
SYN-01130,0,0,0.86,0,0,0.92
SYN-01131,0,1,0.64,0,1,0.56
SYN-01132,1,1,0.54,0,0,0.9
SYN-01133,1,0,0.57,0,0,0.84
SYN-01134,0,1,0.53,0,0,0.91
SYN-01135,1,0,0.61,0,0,0.92
SYN-01136,0,0,0.66,0,0,0.91
SYN-01137,1,1,0.65,0,0,0.52
SYN-01138,0,0,0.67,0,0,0.9
SYN-01139,1,1,0.52,0,0,0.92
SYN-01140,1,1,0.86,0,0,0.76
SYN-01141,0,0,0.76,0,0,0.86
SYN-01142,0,0,0.55,0,0,0.91
SYN-01143,1,0,0.61,0,0,0.91
SYN-01144,0,0,0.61,0,0,0.91
SYN-01145,0,0,0.81,0,0,0.91
SYN-01146,0,0,0.58,0,0,0.92
SYN-01147,0,0,0.59,1,0,0.85
SYN-01148,0,0,0.77,0,0,0.91
SYN-01149,1,1,0.79,0,0,0.88
SYN-01150,0,0,0.57,0,0,0.91
SYN-01151,1,1,0.58,0,1,0.53
SYN-01152,0,0,0.67,0,0,0.92
