invoice_id,invoice_amount_eur,payment_terms_days,customer_tenure_months,prior_late_payment_rate,open_invoice_count,customer_segment,region,billing_address_mismatch,bank_account_changed_recently,weekend_submission,actual_paid_late,predicted_paid_late,probability_paid_late,actual_is_fraud,predicted_is_fraud,probability_is_fraud
SYN-01025,1127.71,60,86,0.289,4,enterprise,Nordics,0,0,1,1,0,0.37866414,0,0,0.23525515
SYN-01026,2133.03,14,53,0.099,9,small,UK,1,0,0,0,0,0.34712273,1,1,0.8416137
SYN-01027,3110.37,30,12,0.362,6,midmarket,Southern Europe,0,0,0,0,0,0.43650782,0,0,0.24820602
SYN-01028,811.0,14,84,0.384,9,enterprise,Nordics,0,0,0,0,0,0.4327511,0,0,0.21600361
SYN-01029,2201.79,45,98,0.139,2,small,UK,0,0,0,1,0,0.31199145,0,0,0.16805214
SYN-01030,1872.64,14,70,0.146,3,midmarket,UK,0,0,0,0,0,0.12278108,0,0,0.13439651
SYN-01031,754.99,14,8,0.174,7,small,Nordics,0,0,0,0,0,0.45880124,0,0,0.32082546
SYN-01032,947.56,60,17,0.016,1,enterprise,UK,0,0,0,0,0,0.04737305,0,0,0.09501391
SYN-01033,1386.29,30,88,0.104,9,midmarket,Southern Europe,0,0,0,0,0,0.30876574,0,0,0.1322325
SYN-01034,1185.69,60,17,0.13,2,small,Nordics,0,0,1,1,0,0.45019493,0,0,0.263283
SYN-01035,2014.95,45,8,0.318,1,small,UK,0,0,0,0,1,0.68428683,0,0,0.39682907
SYN-01036,4489.03,30,17,0.149,7,midmarket,UK,1,1,0,0,0,0.47060987,0,1,0.8510122
SYN-01037,1713.44,45,67,0.094,6,small,Nordics,0,0,0,0,0,0.2979252,0,0,0.39847115
SYN-01038,2805.44,14,34,0.081,1,enterprise,Southern Europe,0,0,0,0,0,0.058841143,0,0,0.2487579
SYN-01039,2042.75,14,6,0.397,5,midmarket,UK,0,1,0,0,0,0.43265057,1,1,0.86268896
SYN-01040,711.87,30,16,0.415,7,enterprise,Southern Europe,1,0,0,0,1,0.5598902,0,1,0.7098626
SYN-01041,4130.51,45,40,0.202,10,small,Southern Europe,0,0,0,0,1,0.7692542,0,0,0.31097883
SYN-01042,1012.99,45,44,0.355,10,enterprise,UK,0,1,0,0,1,0.5039469,0,1,0.70805424
SYN-01043,4375.43,30,43,0.197,9,small,Southern Europe,0,0,0,0,1,0.5697524,0,0,0.34785125
SYN-01044,5130.08,14,59,0.368,8,midmarket,UK,0,0,1,0,0,0.4456617,0,0,0.4179318
SYN-01045,2457.13,30,15,0.13,4,small,DACH,0,0,0,0,0,0.45046383,0,0,0.32244885
SYN-01046,1461.37,45,104,0.1,5,midmarket,UK,1,0,0,1,0,0.23128599,0,1,0.6743017
SYN-01047,809.38,30,41,0.028,3,small,DACH,0,0,0,1,0,0.16826047,0,0,0.29753196
SYN-01048,1473.32,30,64,0.647,6,enterprise,DACH,1,0,0,1,1,0.7947185,0,1,0.69849724
SYN-01049,1520.15,45,106,0.287,10,enterprise,Nordics,0,0,0,1,0,0.48606777,0,0,0.10810842
SYN-01050,3874.95,14,70,0.511,6,small,Southern Europe,0,0,0,0,1,0.61275345,0,0,0.39082116
SYN-01051,6853.06,60,22,0.276,3,enterprise,Nordics,1,0,0,0,1,0.6412203,0,1,0.59465724
SYN-01052,647.59,60,69,0.188,9,midmarket,DACH,0,0,1,1,1,0.5326496,0,0,0.38485214
SYN-01053,839.63,60,16,0.447,9,enterprise,Nordics,0,0,1,0,1,0.726961,0,0,0.19008236
SYN-01054,1906.36,45,15,0.084,8,midmarket,UK,0,0,0,1,1,0.5844482,0,0,0.11209688
SYN-01055,9546.7,14,41,0.071,9,midmarket,Nordics,0,0,0,0,0,0.42827794,0,0,0.40842336
SYN-01056,3252.39,45,114,0.394,9,midmarket,Nordics,0,0,0,0,1,0.5111373,0,1,0.5610259
SYN-01057,3829.37,45,77,0.137,3,midmarket,DACH,0,0,0,0,0,0.31214663,0,0,0.22934715
SYN-01058,1956.2,30,46,0.425,9,small,UK,0,0,0,1,1,0.6738009,0,0,0.37805995
SYN-01059,1007.9,30,8,0.195,8,enterprise,Southern Europe,0,0,0,0,1,0.5137455,0,0,0.31787732
SYN-01060,3703.3,30,3,0.379,5,enterprise,Southern Europe,1,0,0,1,0,0.19699337,0,1,0.9008352
SYN-01061,1353.53,60,118,0.528,7,small,DACH,0,1,1,1,1,0.7589683,1,0,0.17124353
SYN-01062,1745.99,60,69,0.264,8,small,Nordics,0,0,0,1,1,0.7083047,0,0,0.34244496
SYN-01063,836.64,45,106,0.013,3,enterprise,DACH,0,0,0,0,0,0.10049239,0,0,0.31118283
SYN-01064,1138.41,60,84,0.383,0,enterprise,DACH,0,0,1,0,0,0.2891985,0,0,0.23289724
SYN-01065,9035.46,30,89,0.416,7,enterprise,DACH,0,0,0,1,1,0.7434845,0,0,0.42409548
SYN-01066,3075.86,14,40,0.057,4,midmarket,Southern Europe,0,0,0,0,0,0.31293693,0,0,0.22478338
SYN-01067,7276.08,60,65,0.229,5,enterprise,Nordics,0,0,0,0,1,0.525175,0,0,0.2518916
SYN-01068,2494.97,45,116,0.429,10,midmarket,Nordics,0,0,0,1,0,0.42066327,0,0,0.32441154
SYN-01069,2378.75,30,54,0.176,8,midmarket,UK,0,0,0,1,0,0.28919104,0,0,0.29234633
SYN-01070,8293.74,45,47,0.714,0,enterprise,DACH,0,0,0,1,1,0.8759966,0,0,0.17732725
SYN-01071,157.02,30,78,0.133,4,enterprise,DACH,1,1,1,0,0,0.39982048,0,0,0.28777698
SYN-01072,2755.53,45,39,0.432,9,midmarket,UK,0,0,0,1,1,0.6359717,0,0,0.3677715
SYN-01073,13354.45,30,12,0.518,1,enterprise,DACH,0,0,0,1,1,0.7397898,0,0,0.18647765
SYN-01074,1381.53,30,14,0.117,8,midmarket,Southern Europe,0,0,0,0,1,0.61148703,0,0,0.17813887
SYN-01075,9097.83,30,107,0.598,6,midmarket,Nordics,1,0,0,1,1,0.94393694,0,1,0.9047224
SYN-01076,518.37,30,117,0.147,4,small,UK,0,0,0,0,0,0.12441071,0,0,0.054118723
SYN-01077,543.5,60,1,0.45,10,enterprise,Nordics,0,0,0,1,1,0.53386414,0,0,0.23033151
SYN-01078,570.31,30,89,0.321,8,midmarket,Southern Europe,0,0,0,0,0,0.4262611,0,0,0.1989817
SYN-01079,11829.88,30,115,0.277,2,enterprise,UK,1,0,0,1,1,0.59803796,0,1,0.77811867
SYN-01080,6857.05,45,60,0.413,2,small,UK,0,0,0,0,1,0.7204365,0,0,0.27854797
SYN-01081,915.2,45,73,0.087,3,small,Southern Europe,0,0,1,0,0,0.18777089,0,0,0.30199453
SYN-01082,2561.37,14,97,0.229,4,midmarket,DACH,0,0,1,1,0,0.30461964,0,0,0.4094874
SYN-01083,912.75,30,118,0.19,2,midmarket,Nordics,0,0,0,0,0,0.1847211,0,0,0.22349282
SYN-01084,1213.12,45,114,0.337,1,enterprise,Southern Europe,1,0,1,0,0,0.2768277,0,1,0.89208406
SYN-01085,1060.19,14,110,0.483,6,small,DACH,0,0,0,1,1,0.60023016,0,0,0.22694814
SYN-01086,4377.24,60,41,0.257,8,small,Nordics,0,0,0,1,1,0.7316468,0,0,0.38957953
SYN-01087,7195.71,14,88,0.349,3,small,UK,0,0,0,1,0,0.44729358,0,0,0.25749654
SYN-01088,2309.42,60,102,0.203,3,midmarket,UK,0,0,0,0,0,0.41000128,0,0,0.29577458
SYN-01089,3111.37,30,113,0.203,8,enterprise,DACH,0,0,0,0,0,0.43776888,0,0,0.26682585
SYN-01090,325.69,45,104,0.208,10,small,UK,0,0,0,1,1,0.5152195,0,0,0.11257981
SYN-01091,418.84,30,114,0.313,5,midmarket,Nordics,1,0,0,0,1,0.5484728,0,1,0.64731854
SYN-01092,1590.05,14,24,0.226,6,enterprise,DACH,0,0,1,1,0,0.47521698,0,0,0.22047208
SYN-01093,2333.72,45,4,0.149,9,small,DACH,0,0,1,0,1,0.8247858,0,1,0.5851799
SYN-01094,1601.96,60,80,0.276,1,small,UK,0,0,0,0,0,0.39197662,0,0,0.15457256
SYN-01095,3906.26,60,14,0.029,1,midmarket,UK,0,0,1,0,0,0.17104775,0,0,0.23462315
SYN-01096,1130.95,30,44,0.086,9,small,Southern Europe,0,0,0,0,0,0.32903546,0,0,0.33217582
SYN-01097,2175.25,14,61,0.454,5,small,Southern Europe,0,0,0,0,0,0.46508992,0,0,0.3414543
SYN-01098,1764.37,60,34,0.506,5,small,DACH,0,0,0,1,1,0.825808,0,0,0.45635203
SYN-01099,2446.82,14,104,0.231,10,enterprise,DACH,0,0,0,0,0,0.31969935,0,0,0.16351962
SYN-01100,3255.34,45,68,0.304,2,small,UK,0,0,1,0,0,0.3786735,0,0,0.3614675
SYN-01101,1097.12,45,33,0.279,8,enterprise,DACH,0,0,0,1,1,0.6202736,0,0,0.25869384
SYN-01102,4082.41,60,20,0.045,7,midmarket,DACH,0,0,0,1,1,0.5999799,0,0,0.13223104
SYN-01103,386.53,60,112,0.105,0,midmarket,Nordics,0,0,0,0,0,0.15347563,0,0,0.15596159
SYN-01104,2105.28,45,30,0.223,4,enterprise,Southern Europe,0,0,0,0,0,0.40493026,0,0,0.33058435
SYN-01105,4254.97,14,35,0.518,1,small,Nordics,0,0,0,1,1,0.6418918,0,0,0.4591157
SYN-01106,6840.24,14,68,0.509,10,midmarket,Nordics,0,0,0,1,1,0.6969369,1,0,0.29051027
SYN-01107,1837.43,45,40,0.294,9,small,Southern Europe,0,0,0,1,1,0.7065225,0,0,0.220013
SYN-01108,1670.03,45,114,0.238,7,midmarket,UK,0,0,0,0,1,0.5477896,0,1,0.5378611
SYN-01109,3996.3,60,102,0.114,7,small,DACH,0,0,1,0,1,0.5187036,0,0,0.35068357
SYN-01110,738.39,14,1,0.482,7,small,Southern Europe,0,0,0,0,1,0.5403435,0,0,0.41968867
SYN-01111,2862.3,30,98,0.308,10,midmarket,Nordics,0,0,0,1,1,0.5631082,0,0,0.25262803
SYN-01112,1751.67,30,34,0.304,5,midmarket,Southern Europe,1,0,0,0,1,0.50498366,1,1,0.8933027
SYN-01113,3633.01,45,5,0.118,6,small,Nordics,0,0,1,1,1,0.59645426,0,0,0.4939173
SYN-01114,1117.28,14,78,0.404,0,small,DACH,0,0,0,0,0,0.22771092,0,0,0.24476576
SYN-01115,5374.15,14,98,0.259,10,small,Nordics,0,0,0,0,1,0.5993387,0,0,0.15847442
SYN-01116,739.2,30,112,0.038,10,small,Nordics,0,0,0,1,0,0.46244124,0,0,0.12614457
SYN-01117,1756.26,30,75,0.284,8,midmarket,DACH,0,0,1,0,1,0.5946841,0,0,0.3252541
SYN-01118,5797.82,60,119,0.263,6,midmarket,DACH,0,1,0,0,1,0.7848057,1,1,0.76508087
SYN-01119,1102.03,45,105,0.026,5,small,Southern Europe,1,0,0,0,0,0.18360296,0,1,0.6950783
SYN-01120,290.52,45,31,0.239,4,small,DACH,1,0,0,0,1,0.6059243,1,1,0.6127504
SYN-01121,2962.39,45,17,0.061,9,midmarket,DACH,0,0,0,1,1,0.7476695,0,0,0.14493592
SYN-01122,1873.16,14,33,0.15,8,midmarket,Nordics,0,0,0,0,0,0.27141586,0,0,0.33767873
SYN-01123,872.74,14,91,0.092,6,small,UK,0,0,0,0,0,0.14475407,0,0,0.19965348
SYN-01124,3566.14,45,11,0.2,2,small,DACH,0,1,0,1,0,0.48356986,0,1,0.91626316
SYN-01125,3446.14,60,16,0.442,5,small,DACH,0,0,0,1,1,0.7725703,0,0,0.34360006
SYN-01126,1491.75,14,49,0.127,10,midmarket,Southern Europe,1,0,0,1,0,0.3363414,0,1,0.73194665
SYN-01127,2766.69,60,16,0.473,9,enterprise,UK,0,0,0,1,1,0.694594,0,0,0.23011306
SYN-01128,3438.59,30,5,0.28,0,midmarket,DACH,0,0,0,0,0,0.21034937,0,0,0.28297758
SYN-01129,2523.85,30,42,0.407,4,midmarket,DACH,0,0,0,0,0,0.2802193,0,0,0.31413874
SYN-01130,1114.75,14,65,0.159,0,small,DACH,0,0,0,0,0,0.09719526,0,0,0.4216578
SYN-01131,9276.91,60,57,0.197,8,midmarket,UK,0,1,0,0,1,0.75068337,0,1,0.79533416
SYN-01132,1662.2,30,3,0.283,6,small,DACH,0,0,0,1,0,0.48931152,0,0,0.47929657
SYN-01133,1250.23,14,44,0.053,10,small,Nordics,0,0,1,1,1,0.5251789,0,0,0.47299916
SYN-01134,706.53,45,61,0.246,8,small,DACH,0,0,0,0,1,0.6214479,0,0,0.26111716
SYN-01135,1066.14,30,98,0.25,5,small,DACH,0,0,0,1,0,0.39164653,0,0,0.18968983
SYN-01136,630.02,45,75,0.134,7,enterprise,Nordics,0,0,0,0,0,0.31287676,0,0,0.2265601
SYN-01137,1091.14,45,79,0.431,8,small,DACH,1,0,0,1,1,0.74731374,0,1,0.78651977
SYN-01138,4039.65,45,70,0.286,0,midmarket,DACH,0,0,0,0,0,0.4862367,0,0,0.24116896
SYN-01139,1456.78,60,17,0.341,3,midmarket,Southern Europe,0,0,0,1,1,0.5639655,0,0,0.11293824
SYN-01140,19352.99,14,57,0.503,3,small,Nordics,0,0,1,1,1,0.86970246,0,0,0.4219636
SYN-01141,1371.82,45,50,0.063,2,midmarket,DACH,0,0,1,0,0,0.22995622,0,0,0.15170862
SYN-01142,932.87,30,34,0.367,4,midmarket,DACH,0,0,0,0,0,0.4058706,0,0,0.32776305
SYN-01143,1726.43,45,53,0.285,4,enterprise,Nordics,0,0,0,1,0,0.42674342,0,0,0.19154753
SYN-01144,2859.88,30,112,0.25,4,midmarket,Nordics,0,0,0,0,0,0.35017204,0,0,0.35143238
SYN-01145,4509.11,30,62,0.063,1,enterprise,Southern Europe,0,0,0,0,0,0.11906642,0,0,0.11022179
SYN-01146,1330.47,45,61,0.392,2,small,Nordics,0,0,0,0,0,0.42315754,0,0,0.2914791
SYN-01147,3529.33,30,88,0.316,0,small,DACH,0,0,1,0,0,0.3249292,1,0,0.2919215
SYN-01148,4296.74,14,21,0.1,0,small,UK,0,0,0,0,0,0.18546999,0,0,0.11291854
SYN-01149,2557.48,30,96,0.768,2,small,Southern Europe,0,0,0,1,1,0.5081807,0,0,0.29778594
SYN-01150,385.73,30,92,0.398,5,enterprise,Southern Europe,0,0,0,0,0,0.44875103,0,0,0.097396374
SYN-01151,3390.28,14,71,0.438,10,enterprise,Southern Europe,0,1,0,1,0,0.36630574,0,0,0.46374872
SYN-01152,1340.7,30,15,0.07,6,enterprise,UK,0,0,0,0,0,0.37138253,0,0,0.0868045
