invoice_id,invoice_amount_eur,payment_terms_days,customer_tenure_months,prior_late_payment_rate,open_invoice_count,customer_segment,region,billing_address_mismatch,bank_account_changed_recently,weekend_submission,paid_late,is_fraud
SYN-00001,3606.34,60,90,0.183,9,small,Nordics,0,0,1,0,0
SYN-00002,807.59,14,66,0.244,2,small,Southern Europe,0,0,0,0,0
SYN-00003,928.52,30,7,0.586,0,midmarket,Southern Europe,0,0,1,1,0
SYN-00004,2994.31,14,31,0.094,7,enterprise,Nordics,0,0,0,0,1
SYN-00005,2112.9,14,17,0.133,5,midmarket,DACH,0,0,1,0,0
SYN-00006,2157.84,60,34,0.195,6,midmarket,Southern Europe,0,1,0,0,1
SYN-00007,3048.6,30,84,0.538,1,enterprise,DACH,0,1,0,0,1
SYN-00008,1332.98,60,15,0.258,3,midmarket,Southern Europe,0,0,0,0,0
SYN-00009,309.82,14,11,0.495,5,enterprise,Southern Europe,0,0,0,1,0
SYN-00010,3709.38,45,55,0.361,0,midmarket,UK,0,0,1,1,0
SYN-00011,664.75,60,79,0.219,7,midmarket,Nordics,0,0,0,1,1
SYN-00012,1697.89,45,117,0.246,7,enterprise,DACH,0,0,0,0,0
SYN-00013,4040.53,60,111,0.07,0,midmarket,DACH,0,0,0,0,0
SYN-00014,1696.32,60,57,0.12,5,midmarket,DACH,1,0,0,0,0
SYN-00015,978.09,30,19,0.292,6,small,UK,1,0,1,1,0
SYN-00016,3785.39,60,48,0.381,9,midmarket,UK,1,0,0,1,1
SYN-00017,2463.26,14,55,0.616,0,midmarket,Southern Europe,0,0,0,0,0
SYN-00018,576.19,14,9,0.186,3,midmarket,DACH,1,0,0,1,0
SYN-00019,632.15,45,34,0.06,6,enterprise,Nordics,0,0,0,1,0
SYN-00020,2796.6,30,9,0.177,4,enterprise,DACH,0,0,0,0,0
SYN-00021,618.56,14,66,0.225,4,midmarket,UK,0,1,0,0,1
SYN-00022,2536.28,14,48,0.268,9,enterprise,Nordics,0,1,0,0,1
SYN-00023,14100.68,45,21,0.092,7,midmarket,Nordics,0,0,0,1,0
SYN-00024,342.97,30,80,0.068,5,enterprise,DACH,0,0,0,0,0
SYN-00025,80.64,60,85,0.099,1,midmarket,Southern Europe,1,0,0,0,0
SYN-00026,926.98,30,93,0.124,8,small,Southern Europe,0,0,1,1,0
SYN-00027,446.83,14,84,0.656,9,small,UK,0,0,0,1,0
SYN-00028,950.91,30,4,0.138,0,small,Nordics,1,0,0,0,1
SYN-00029,14223.58,45,44,0.378,5,midmarket,DACH,0,0,1,1,0
SYN-00030,3943.43,60,70,0.065,5,small,Southern Europe,0,0,0,0,1
SYN-00031,1754.64,14,94,0.214,3,midmarket,Nordics,0,0,0,1,0
SYN-00032,3752.92,60,33,0.271,8,small,DACH,0,0,1,1,0
SYN-00033,5627.4,14,99,0.098,5,small,UK,0,0,0,0,0
SYN-00034,1570.58,60,78,0.458,3,midmarket,UK,0,1,0,1,0
SYN-00035,1668.23,30,20,0.436,3,midmarket,UK,1,0,1,0,1
SYN-00036,2016.93,14,45,0.228,10,enterprise,Nordics,0,0,0,1,0
SYN-00037,982.03,14,16,0.058,1,small,UK,0,0,0,0,0
SYN-00038,378.25,45,116,0.069,8,midmarket,DACH,0,0,1,0,0
SYN-00039,804.16,60,6,0.388,5,small,Southern Europe,0,0,0,1,1
SYN-00040,1364.76,45,49,0.098,2,small,Nordics,1,0,0,1,0
SYN-00041,2160.47,30,21,0.28,1,small,Southern Europe,0,0,0,1,0
SYN-00042,10885.73,60,112,0.018,1,small,Nordics,0,0,0,0,0
SYN-00043,2084.31,60,28,0.57,5,small,DACH,1,0,0,1,0
SYN-00044,496.83,60,94,0.478,4,small,Southern Europe,0,0,0,0,0
SYN-00045,3945.68,30,22,0.624,2,small,UK,0,0,0,0,0
SYN-00046,1136.59,14,44,0.208,10,enterprise,UK,0,0,0,0,0
SYN-00047,1264.09,60,44,0.403,2,midmarket,Nordics,0,0,0,1,0
SYN-00048,3623.61,45,55,0.032,5,small,Nordics,0,0,0,1,0
SYN-00049,1874.32,14,33,0.092,0,small,Nordics,1,1,0,0,1
SYN-00050,571.19,14,119,0.366,8,midmarket,Nordics,0,0,1,0,0
SYN-00051,1731.76,45,56,0.401,0,small,UK,0,0,1,1,0
SYN-00052,1313.13,60,112,0.331,6,small,UK,0,1,0,1,1
SYN-00053,3223.56,14,36,0.114,4,enterprise,Southern Europe,0,0,0,0,0
SYN-00054,4500.67,30,94,0.192,0,midmarket,UK,0,0,0,0,0
SYN-00055,1012.57,60,68,0.35,0,enterprise,Southern Europe,0,0,1,0,0
SYN-00056,1241.92,14,66,0.45,8,midmarket,UK,0,0,0,0,0
SYN-00057,3389.02,45,63,0.328,2,enterprise,UK,0,0,1,0,0
SYN-00058,781.31,30,44,0.113,9,small,Nordics,1,0,0,1,1
SYN-00059,3718.28,60,95,0.29,4,small,Southern Europe,0,0,1,0,0
SYN-00060,3700.7,45,71,0.327,2,enterprise,Southern Europe,0,0,0,0,0
SYN-00061,731.57,45,76,0.091,8,enterprise,DACH,0,0,0,0,0
SYN-00062,2485.12,30,52,0.504,1,midmarket,Nordics,0,0,1,0,0
SYN-00063,3302.54,14,94,0.199,8,enterprise,DACH,0,0,1,1,0
SYN-00064,7706.01,14,6,0.102,4,midmarket,DACH,0,0,0,1,0
SYN-00065,1100.88,60,20,0.213,3,enterprise,UK,0,0,1,1,0
SYN-00066,3042.26,14,60,0.007,7,small,Southern Europe,0,0,0,1,0
SYN-00067,1300.51,45,64,0.416,3,midmarket,UK,0,0,0,0,0
SYN-00068,1174.2,60,45,0.403,9,small,Southern Europe,0,0,1,1,0
SYN-00069,765.91,30,115,0.26,6,enterprise,DACH,0,0,0,1,0
SYN-00070,1101.14,45,60,0.542,9,small,DACH,0,0,0,1,0
SYN-00071,3144.88,60,36,0.035,5,small,UK,0,0,0,0,0
SYN-00072,501.54,60,100,0.284,10,small,DACH,0,1,0,0,0
SYN-00073,2617.71,45,63,0.087,3,midmarket,Southern Europe,0,0,0,0,0
SYN-00074,2199.28,30,82,0.142,6,midmarket,Nordics,0,0,0,0,0
SYN-00075,1266.61,14,4,0.484,7,small,DACH,0,0,0,0,1
SYN-00076,1508.95,60,37,0.083,7,midmarket,Nordics,0,0,0,0,0
SYN-00077,665.12,14,39,0.137,3,small,Nordics,0,0,0,0,0
SYN-00078,1624.4,45,78,0.082,3,small,DACH,0,0,1,0,0
SYN-00079,369.2,14,114,0.253,0,enterprise,DACH,0,0,0,0,0
SYN-00080,1877.36,45,115,0.314,2,enterprise,DACH,0,0,1,1,0
SYN-00081,942.57,14,66,0.252,5,small,Nordics,1,0,0,0,1
SYN-00082,812.46,30,25,0.227,7,small,UK,0,0,1,0,0
SYN-00083,1182.77,45,10,0.067,2,enterprise,Southern Europe,1,0,1,1,0
SYN-00084,1821.49,60,13,0.344,3,midmarket,DACH,1,0,0,1,0
SYN-00085,4283.82,30,29,0.171,8,midmarket,UK,0,0,0,0,0
SYN-00086,1674.54,30,23,0.312,2,small,Nordics,1,0,0,1,0
SYN-00087,2025.17,14,75,0.282,4,midmarket,Nordics,0,0,0,0,0
SYN-00088,672.35,14,21,0.476,6,small,DACH,0,0,0,1,0
SYN-00089,7475.14,14,22,0.058,3,small,Nordics,0,0,0,0,0
SYN-00090,6544.6,45,8,0.189,2,midmarket,Southern Europe,0,0,0,0,0
SYN-00091,1296.16,14,42,0.357,0,small,DACH,0,0,0,1,0
SYN-00092,10250.63,45,75,0.417,8,enterprise,UK,1,0,1,0,0
SYN-00093,739.17,14,57,0.273,7,small,Nordics,0,0,0,0,0
SYN-00094,1274.92,60,6,0.075,1,small,Nordics,0,0,0,0,0
SYN-00095,465.1,45,89,0.198,5,small,Nordics,0,0,0,0,0
SYN-00096,2585.32,14,4,0.287,0,enterprise,Southern Europe,0,0,0,0,0
SYN-00097,604.92,45,56,0.619,5,small,UK,0,0,0,1,0
SYN-00098,8327.78,60,48,0.333,0,enterprise,DACH,0,0,0,1,0
SYN-00099,2606.61,45,82,0.375,9,midmarket,DACH,0,0,0,0,0
SYN-00100,1278.18,45,90,0.353,0,small,Nordics,0,0,0,0,0
SYN-00101,425.53,30,18,0.145,10,small,Nordics,0,0,1,0,0
SYN-00102,12363.91,14,64,0.192,4,small,DACH,0,0,0,0,0
SYN-00103,2366.97,30,94,0.139,3,small,UK,0,0,1,1,0
SYN-00104,1289.29,30,50,0.143,9,enterprise,UK,0,1,0,0,0
SYN-00105,1135.84,30,82,0.092,2,small,DACH,0,0,1,0,1
SYN-00106,8016.84,14,3,0.163,10,enterprise,DACH,0,0,0,0,0
SYN-00107,1149.75,45,1,0.188,10,small,Nordics,0,0,1,1,1
SYN-00108,1624.34,45,71,0.666,3,small,UK,0,0,1,1,0
SYN-00109,767.34,30,44,0.118,5,enterprise,UK,0,0,0,1,0
SYN-00110,813.6,14,55,0.51,6,midmarket,Southern Europe,0,0,1,0,0
SYN-00111,1047.46,45,48,0.148,9,small,UK,0,0,1,0,0
SYN-00112,1165.58,14,9,0.265,8,small,UK,0,0,1,0,0
SYN-00113,5733.12,30,92,0.283,4,midmarket,Nordics,0,0,0,1,0
SYN-00114,172.07,45,42,0.119,6,small,DACH,0,0,0,0,0
SYN-00115,1217.58,45,46,0.524,7,enterprise,Nordics,0,0,0,0,0
SYN-00116,1254.38,45,72,0.488,2,small,Southern Europe,0,0,0,0,0
SYN-00117,4215.82,60,84,0.068,7,small,DACH,0,0,0,1,0
SYN-00118,1217.9,30,30,0.204,2,midmarket,Southern Europe,0,0,1,0,0
SYN-00119,1080.81,30,117,0.06,5,small,DACH,0,0,0,0,0
SYN-00120,2635.35,14,98,0.043,5,enterprise,DACH,0,0,0,0,0
SYN-00121,2204.23,45,94,0.263,0,enterprise,Southern Europe,0,0,0,0,0
SYN-00122,2728.53,30,24,0.273,8,enterprise,UK,0,0,0,1,0
SYN-00123,2381.7,45,86,0.259,6,small,Nordics,0,0,0,0,0
SYN-00124,1578.36,14,45,0.12,2,small,Southern Europe,0,0,0,0,0
SYN-00125,1011.96,14,80,0.145,0,enterprise,Southern Europe,0,0,0,0,0
SYN-00126,2202.1,14,5,0.041,5,small,Southern Europe,0,0,0,1,0
SYN-00127,1963.21,30,14,0.267,5,enterprise,DACH,0,1,0,1,1
SYN-00128,1388.14,30,103,0.142,1,midmarket,Nordics,0,0,0,0,0
SYN-00129,1908.76,60,23,0.323,1,small,UK,0,0,1,1,0
SYN-00130,3564.63,14,24,0.216,9,small,Nordics,0,0,0,1,0
SYN-00131,1605.23,45,77,0.622,8,midmarket,Nordics,0,0,0,1,0
SYN-00132,2714.36,14,15,0.373,8,small,Southern Europe,0,0,0,0,0
SYN-00133,1729.42,45,37,0.055,2,midmarket,UK,0,0,0,1,0
SYN-00134,960.96,45,65,0.11,0,small,Nordics,0,1,0,0,1
SYN-00135,1110.59,30,97,0.138,8,small,Nordics,0,0,0,1,0
SYN-00136,1401.62,14,39,0.246,4,enterprise,Southern Europe,1,0,0,1,1
SYN-00137,1646.48,45,84,0.337,7,midmarket,DACH,0,0,0,1,1
SYN-00138,402.35,14,118,0.218,0,midmarket,DACH,1,0,0,0,0
SYN-00139,1463.3,60,110,0.552,3,small,Nordics,0,0,0,1,0
SYN-00140,1324.6,60,18,0.533,2,small,UK,0,0,0,0,0
SYN-00141,6986.04,30,6,0.434,7,midmarket,Nordics,0,1,0,1,0
SYN-00142,2787.21,45,1,0.051,9,midmarket,UK,0,0,1,1,0
SYN-00143,3080.76,30,83,0.173,0,small,DACH,0,0,1,0,0
SYN-00144,651.21,14,48,0.188,2,small,Nordics,0,0,0,0,1
SYN-00145,1693.19,30,23,0.309,3,enterprise,DACH,0,0,0,0,0
SYN-00146,2785.96,14,30,0.011,1,midmarket,DACH,0,1,1,0,1
SYN-00147,4187.17,14,115,0.573,4,small,UK,0,0,0,1,0
SYN-00148,5043.99,45,71,0.053,10,midmarket,UK,0,0,1,1,0
SYN-00149,2572.71,45,66,0.256,3,midmarket,DACH,0,0,0,1,0
SYN-00150,1418.12,45,107,0.237,7,midmarket,UK,0,0,0,1,0
SYN-00151,3404.32,30,11,0.489,4,enterprise,UK,0,0,0,0,0
SYN-00152,567.69,30,91,0.238,8,small,Nordics,0,0,0,0,0
SYN-00153,6396.94,14,49,0.005,9,midmarket,Southern Europe,0,0,1,0,1
SYN-00154,1637.11,60,24,0.079,8,midmarket,UK,0,0,1,0,0
SYN-00155,1296.9,30,97,0.131,0,enterprise,Southern Europe,0,0,0,0,0
SYN-00156,298.28,14,115,0.345,0,midmarket,Nordics,0,0,0,1,1
SYN-00157,548.37,30,60,0.16,9,small,DACH,0,0,0,0,0
SYN-00158,853.08,14,106,0.218,5,small,UK,0,0,0,1,0
SYN-00159,1381.48,45,64,0.384,5,small,Nordics,0,1,0,0,0
SYN-00160,1843.03,60,52,0.26,8,midmarket,Southern Europe,0,0,0,1,0
SYN-00161,1675.85,30,84,0.17,10,midmarket,Nordics,0,0,0,0,0
SYN-00162,2024.48,60,44,0.261,3,enterprise,DACH,0,0,0,0,0
SYN-00163,1537.11,60,76,0.229,5,small,UK,0,0,1,1,0
SYN-00164,6929.94,60,48,0.266,7,midmarket,Nordics,0,0,0,1,0
SYN-00165,3361.93,30,41,0.079,3,enterprise,Nordics,0,0,1,0,0
SYN-00166,1653.33,30,17,0.164,2,midmarket,Nordics,0,0,0,1,0
SYN-00167,2989.61,30,88,0.279,4,small,DACH,0,0,0,0,0
SYN-00168,1837.31,45,113,0.027,9,midmarket,Southern Europe,0,0,0,0,1
SYN-00169,1344.16,60,116,0.023,7,small,Southern Europe,0,0,0,0,1
SYN-00170,1481.87,30,65,0.428,10,midmarket,Southern Europe,1,0,1,0,1
SYN-00171,893.85,60,99,0.216,8,small,DACH,0,0,0,1,0
SYN-00172,672.07,45,33,0.337,2,enterprise,UK,1,0,0,0,1
SYN-00173,1665.94,45,92,0.132,2,midmarket,Southern Europe,0,0,0,0,0
SYN-00174,686.16,60,62,0.522,4,midmarket,Southern Europe,0,1,0,0,0
SYN-00175,751.64,60,12,0.323,0,midmarket,Southern Europe,0,0,0,0,0
SYN-00176,4164.03,14,81,0.244,4,enterprise,UK,0,0,1,0,0
SYN-00177,2827.52,60,119,0.088,0,midmarket,Nordics,0,0,1,1,0
SYN-00178,855.17,45,18,0.513,4,enterprise,DACH,0,0,0,0,0
SYN-00179,621.44,30,16,0.041,6,small,Southern Europe,0,0,0,1,0
SYN-00180,2686.02,14,84,0.437,0,small,Nordics,0,0,0,0,0
SYN-00181,1383.76,14,119,0.288,10,small,Southern Europe,1,0,0,0,0
SYN-00182,832.14,30,39,0.348,1,midmarket,DACH,0,0,0,0,0
SYN-00183,1631.35,14,104,0.352,5,midmarket,Nordics,0,0,1,0,1
SYN-00184,778.73,60,34,0.54,3,midmarket,Nordics,0,0,0,1,0
SYN-00185,8551.19,60,84,0.244,3,midmarket,DACH,0,0,0,1,1
SYN-00186,1738.88,60,43,0.443,10,enterprise,UK,0,0,0,1,0
SYN-00187,1797.05,14,54,0.239,4,midmarket,UK,0,0,0,1,0
SYN-00188,597.96,14,86,0.181,2,small,Southern Europe,0,0,0,0,0
SYN-00189,1301.15,30,5,0.093,3,enterprise,UK,0,0,1,1,0
SYN-00190,1800.72,30,99,0.179,2,small,DACH,0,0,0,1,0
SYN-00191,2400.55,45,3,0.144,10,midmarket,DACH,0,0,0,1,0
SYN-00192,1458.05,60,17,0.285,3,midmarket,DACH,0,0,1,1,0
SYN-00193,5441.15,30,8,0.294,2,midmarket,Southern Europe,1,0,1,0,1
SYN-00194,1363.97,30,53,0.036,6,small,DACH,0,0,0,1,0
SYN-00195,13711.48,45,107,0.074,3,midmarket,DACH,0,0,0,0,0
SYN-00196,1055.34,30,37,0.089,4,small,Southern Europe,0,0,0,0,0
SYN-00197,941.41,60,66,0.558,3,enterprise,Nordics,0,0,0,1,0
SYN-00198,1999.89,45,108,0.21,7,midmarket,Southern Europe,0,0,0,1,0
SYN-00199,1715.41,45,16,0.216,0,midmarket,DACH,0,0,1,1,0
SYN-00200,604.41,30,108,0.208,9,enterprise,UK,1,0,0,1,1
SYN-00201,3142.76,60,78,0.463,6,midmarket,UK,0,0,0,1,0
SYN-00202,3855.33,14,36,0.62,0,midmarket,Southern Europe,0,0,1,0,0
SYN-00203,940.56,60,32,0.636,6,midmarket,Nordics,0,0,0,1,0
SYN-00204,4478.02,30,102,0.274,4,midmarket,Southern Europe,0,0,0,1,0
SYN-00205,18788.51,14,79,0.147,1,enterprise,Nordics,0,0,0,1,0
SYN-00206,931.81,14,80,0.263,7,midmarket,Southern Europe,0,0,0,0,0
SYN-00207,2959.62,45,48,0.22,5,enterprise,Nordics,0,0,0,0,0
SYN-00208,877.53,30,61,0.223,1,small,Southern Europe,1,1,0,0,1
SYN-00209,4322.5,45,24,0.139,9,small,Southern Europe,0,1,0,1,1
SYN-00210,757.36,30,37,0.002,7,midmarket,Southern Europe,0,0,1,0,0
SYN-00211,6534.26,60,46,0.403,2,midmarket,Nordics,0,0,0,1,0
SYN-00212,2361.91,45,117,0.3,9,midmarket,Southern Europe,0,0,0,0,0
SYN-00213,582.64,30,42,0.357,1,small,Southern Europe,0,0,0,0,0
SYN-00214,2330.64,30,94,0.161,0,midmarket,Nordics,1,0,0,0,1
SYN-00215,1071.63,14,24,0.029,5,midmarket,UK,1,0,0,0,0
SYN-00216,961.02,60,74,0.253,1,enterprise,UK,0,0,0,0,0
SYN-00217,2645.66,14,14,0.237,9,midmarket,Nordics,0,0,1,1,0
SYN-00218,1529.24,45,18,0.193,6,small,UK,0,0,0,1,0
SYN-00219,2165.84,60,67,0.528,7,midmarket,DACH,0,0,0,0,0
SYN-00220,435.52,45,27,0.224,7,small,UK,0,1,0,1,0
SYN-00221,1158.29,60,97,0.145,4,enterprise,DACH,0,0,0,1,0
SYN-00222,1333.09,14,1,0.316,9,midmarket,Nordics,0,0,0,0,0
SYN-00223,366.82,60,34,0.461,5,small,Nordics,0,0,0,0,1
SYN-00224,1465.97,14,90,0.485,7,midmarket,UK,1,0,1,1,1
SYN-00225,1245.67,30,115,0.22,0,midmarket,Nordics,0,0,0,0,1
SYN-00226,1856.78,45,48,0.09,3,midmarket,Southern Europe,0,0,1,0,0
SYN-00227,1458.06,14,41,0.066,9,enterprise,Nordics,0,0,0,0,0
SYN-00228,1959.81,30,63,0.521,1,small,Nordics,0,0,1,1,0
SYN-00229,4394.89,60,99,0.095,2,enterprise,Nordics,0,0,0,0,0
SYN-00230,2186.59,60,68,0.802,8,enterprise,Southern Europe,0,0,0,1,1
SYN-00231,967.62,14,64,0.153,2,midmarket,Nordics,0,0,0,0,0
SYN-00232,1562.29,30,99,0.488,2,small,Nordics,0,0,0,1,0
SYN-00233,4159.77,30,116,0.514,8,midmarket,Southern Europe,0,0,0,0,0
SYN-00234,710.39,14,15,0.111,7,small,Nordics,0,0,0,0,0
SYN-00235,4386.2,14,47,0.072,4,midmarket,Nordics,0,0,0,1,0
SYN-00236,985.85,60,99,0.076,7,midmarket,UK,0,0,0,0,0
SYN-00237,2166.74,45,47,0.64,1,midmarket,Southern Europe,0,0,1,1,0
SYN-00238,6636.58,60,51,0.194,7,small,Nordics,0,0,0,1,0
SYN-00239,1025.69,30,34,0.026,10,small,DACH,1,0,0,1,0
SYN-00240,1213.28,30,16,0.521,2,midmarket,UK,1,0,1,1,1
SYN-00241,1702.6,30,72,0.114,10,midmarket,UK,0,0,0,0,0
SYN-00242,5370.33,14,44,0.142,8,small,UK,0,0,0,1,0
SYN-00243,1224.75,45,53,0.248,5,midmarket,DACH,0,0,0,0,0
SYN-00244,1196.45,45,77,0.672,10,enterprise,Southern Europe,0,0,0,1,0
SYN-00245,2000.59,30,28,0.331,4,small,Nordics,0,0,1,1,0
SYN-00246,695.85,14,71,0.362,7,small,DACH,1,0,1,1,0
SYN-00247,3111.08,30,113,0.441,3,small,DACH,0,0,0,0,0
SYN-00248,1193.71,30,18,0.06,10,midmarket,Nordics,0,0,0,0,0
SYN-00249,1425.39,30,43,0.065,1,midmarket,DACH,0,0,1,0,0
SYN-00250,2159.49,14,50,0.216,6,small,Southern Europe,0,0,0,1,0
SYN-00251,3774.67,14,43,0.234,10,enterprise,Nordics,1,0,0,0,1
SYN-00252,5118.81,60,10,0.242,3,enterprise,DACH,0,0,0,0,0
SYN-00253,2319.06,60,57,0.192,2,small,UK,1,0,0,0,0
SYN-00254,14715.94,30,35,0.302,3,midmarket,Southern Europe,0,0,0,1,1
SYN-00255,1290.35,14,15,0.311,7,midmarket,DACH,0,1,0,1,0
SYN-00256,402.13,14,11,0.177,2,enterprise,DACH,1,1,0,1,1
SYN-00257,7178.21,45,24,0.474,3,midmarket,UK,0,0,1,0,0
SYN-00258,1717.08,45,107,0.286,4,small,DACH,0,0,1,0,0
SYN-00259,2376.05,30,10,0.015,6,small,Southern Europe,0,0,0,0,0
SYN-00260,2756.83,30,95,0.203,6,enterprise,Southern Europe,0,0,0,0,0
SYN-00261,4614.44,45,14,0.163,4,midmarket,DACH,0,0,0,0,0
SYN-00262,710.43,14,56,0.465,7,small,Southern Europe,0,0,0,1,0
SYN-00263,1483.16,14,28,0.351,0,enterprise,UK,0,0,0,0,0
SYN-00264,927.2,14,60,0.428,3,enterprise,Southern Europe,0,0,0,1,0
SYN-00265,1224.21,45,93,0.181,9,midmarket,UK,0,0,1,0,0
SYN-00266,1379.03,14,98,0.085,3,midmarket,DACH,0,0,0,0,0
SYN-00267,1784.98,45,84,0.323,4,small,UK,0,0,0,1,0
SYN-00268,1996.38,30,43,0.138,4,small,DACH,0,0,0,0,1
SYN-00269,2882.74,14,73,0.197,5,small,Nordics,0,0,0,0,0
SYN-00270,3281.37,14,3,0.189,7,midmarket,Nordics,0,0,1,0,0
SYN-00271,824.05,45,35,0.203,9,enterprise,UK,0,0,0,0,0
SYN-00272,912.37,14,65,0.356,1,enterprise,DACH,0,0,1,0,0
SYN-00273,698.15,30,60,0.167,2,enterprise,UK,0,0,0,0,0
SYN-00274,2956.9,14,27,0.292,9,small,Nordics,0,0,0,1,0
SYN-00275,1438.7,45,6,0.439,6,small,DACH,0,0,0,1,0
SYN-00276,6404.32,14,87,0.04,2,enterprise,Southern Europe,1,1,1,1,1
SYN-00277,1124.69,14,96,0.513,6,midmarket,Southern Europe,0,0,0,1,1
SYN-00278,8414.92,14,62,0.178,7,enterprise,Nordics,1,0,1,0,1
SYN-00279,2515.53,14,91,0.287,7,small,Nordics,1,0,1,0,0
SYN-00280,173.76,60,41,0.028,8,small,Nordics,0,0,1,1,0
SYN-00281,1403.62,60,99,0.515,9,small,DACH,0,0,0,1,0
SYN-00282,4152.84,60,59,0.068,9,small,Southern Europe,1,0,1,0,0
SYN-00283,2479.99,60,79,0.32,10,small,UK,0,0,0,1,0
SYN-00284,2057.53,60,47,0.33,2,small,DACH,0,0,0,1,0
SYN-00285,2398.17,45,118,0.285,0,midmarket,DACH,1,0,0,0,1
SYN-00286,2408.11,60,115,0.073,1,midmarket,Southern Europe,0,0,0,1,0
SYN-00287,2307.8,60,34,0.123,1,enterprise,Nordics,0,0,0,0,0
SYN-00288,691.55,60,63,0.342,2,midmarket,Southern Europe,0,0,0,0,0
SYN-00289,390.1,60,101,0.005,7,small,Nordics,0,0,0,0,0
SYN-00290,2071.93,14,92,0.184,4,small,UK,0,0,0,0,0
SYN-00291,1151.67,30,83,0.392,9,midmarket,Southern Europe,0,0,1,1,0
SYN-00292,1428.95,60,64,0.235,2,enterprise,UK,0,0,0,0,0
SYN-00293,1760.12,30,64,0.104,2,midmarket,DACH,1,1,0,0,1
SYN-00294,1225.08,45,23,0.466,1,midmarket,Nordics,0,0,0,0,0
SYN-00295,4912.58,14,13,0.07,4,enterprise,Southern Europe,0,0,1,1,0
SYN-00296,1993.16,45,87,0.231,8,midmarket,UK,0,0,0,1,0
SYN-00297,1805.71,14,29,0.246,0,midmarket,DACH,0,0,0,1,0
SYN-00298,886.79,30,12,0.108,5,midmarket,Nordics,0,0,0,1,0
SYN-00299,1057.98,30,57,0.504,1,midmarket,DACH,1,0,1,1,1
SYN-00300,3567.35,14,29,0.124,5,midmarket,DACH,0,0,0,0,0
SYN-00301,1093.07,60,97,0.112,9,small,UK,0,0,0,1,0
SYN-00302,4904.81,60,115,0.433,3,enterprise,Nordics,0,0,0,1,0
SYN-00303,1767.99,14,65,0.599,9,enterprise,DACH,0,0,0,1,0
SYN-00304,1485.09,30,55,0.139,0,small,Nordics,0,1,1,0,0
SYN-00305,1424.92,60,13,0.625,4,enterprise,Southern Europe,0,0,0,1,0
SYN-00306,1604.06,60,39,0.545,10,midmarket,Nordics,0,0,0,1,0
SYN-00307,4142.33,45,84,0.25,10,small,DACH,0,0,0,1,0
SYN-00308,4571.75,30,115,0.318,7,midmarket,UK,0,0,0,0,1
SYN-00309,2168.59,45,34,0.154,2,small,Southern Europe,0,1,0,0,1
SYN-00310,1567.22,30,48,0.152,2,small,DACH,0,0,0,1,0
SYN-00311,1667.58,45,93,0.209,10,small,Southern Europe,0,0,0,1,0
SYN-00312,1311.58,30,86,0.585,4,small,DACH,0,0,0,1,0
SYN-00313,716.77,30,49,0.203,4,midmarket,DACH,0,0,0,1,0
SYN-00314,496.04,14,103,0.021,7,small,UK,0,1,0,0,0
SYN-00315,1583.66,14,18,0.122,7,small,DACH,0,0,0,1,0
SYN-00316,5222.18,45,1,0.346,7,midmarket,UK,1,0,0,0,1
SYN-00317,3003.75,60,75,0.112,8,midmarket,Southern Europe,0,0,1,0,0
SYN-00318,3450.79,60,44,0.386,4,small,Southern Europe,0,0,0,1,0
SYN-00319,2549.9,45,26,0.084,10,small,Nordics,0,0,0,1,0
SYN-00320,888.9,60,105,0.042,8,enterprise,Nordics,0,1,1,1,0
SYN-00321,988.39,14,102,0.425,6,enterprise,Southern Europe,0,0,0,0,0
SYN-00322,2091.7,45,74,0.31,10,midmarket,Nordics,0,0,0,1,0
SYN-00323,3684.14,45,109,0.42,10,enterprise,Nordics,0,0,1,0,0
SYN-00324,3734.07,30,4,0.142,5,midmarket,DACH,0,0,0,0,0
SYN-00325,3079.3,30,117,0.083,2,small,DACH,0,0,1,1,0
SYN-00326,1727.44,45,48,0.06,3,small,Nordics,0,0,0,1,0
SYN-00327,283.91,30,7,0.112,3,small,UK,0,0,0,0,0
SYN-00328,1002.56,14,105,0.152,0,small,UK,0,0,1,0,0
SYN-00329,1111.6,30,106,0.424,3,small,UK,0,0,0,0,0
SYN-00330,2918.77,60,60,0.321,0,midmarket,UK,0,0,0,1,0
SYN-00331,5324.42,14,51,0.129,5,midmarket,Southern Europe,0,0,0,0,0
SYN-00332,2351.86,14,102,0.303,3,small,Southern Europe,0,0,0,0,0
SYN-00333,493.11,30,106,0.03,8,enterprise,Southern Europe,0,0,0,0,0
SYN-00334,2308.63,14,43,0.452,0,midmarket,Southern Europe,0,0,0,0,0
SYN-00335,3239.07,14,106,0.309,0,enterprise,Southern Europe,0,0,1,0,0
SYN-00336,975.33,60,8,0.304,9,small,UK,0,0,0,0,1
SYN-00337,3568.21,60,41,0.159,3,small,UK,0,1,1,1,1
SYN-00338,943.26,60,54,0.235,5,midmarket,Southern Europe,0,0,0,1,0
SYN-00339,1773.32,60,49,0.338,0,midmarket,UK,0,0,0,0,0
SYN-00340,3791.7,45,5,0.389,6,midmarket,Nordics,1,0,0,0,1
SYN-00341,2064.07,14,32,0.177,4,small,Southern Europe,0,0,0,0,1
SYN-00342,3957.26,14,11,0.528,3,midmarket,Nordics,0,0,0,1,0
SYN-00343,1198.75,14,90,0.06,10,midmarket,UK,0,0,0,0,0
SYN-00344,12522.2,45,9,0.33,0,small,UK,0,0,0,1,0
SYN-00345,5448.29,14,9,0.192,1,small,UK,0,0,0,0,0
SYN-00346,2308.42,30,81,0.197,5,small,DACH,0,0,0,0,0
SYN-00347,1135.18,30,55,0.237,10,midmarket,Nordics,1,0,0,0,1
SYN-00348,1368.68,45,68,0.087,4,midmarket,DACH,1,1,0,0,0
SYN-00349,1176.65,30,77,0.193,2,midmarket,UK,0,0,0,0,0
SYN-00350,3748.94,60,47,0.05,6,midmarket,Southern Europe,0,0,1,0,0
SYN-00351,699.33,30,9,0.477,1,enterprise,Nordics,0,0,0,0,0
SYN-00352,3283.43,30,74,0.147,5,small,Nordics,0,0,0,0,0
SYN-00353,763.03,30,48,0.088,2,midmarket,Southern Europe,0,0,1,0,0
SYN-00354,1178.15,14,71,0.241,10,small,Nordics,0,0,0,0,0
SYN-00355,15342.77,14,90,0.128,10,midmarket,Nordics,0,0,1,1,0
SYN-00356,2452.56,45,11,0.592,2,small,DACH,0,0,0,1,0
SYN-00357,1018.91,30,101,0.121,0,enterprise,UK,0,0,0,0,0
SYN-00358,1482.17,60,20,0.323,0,midmarket,DACH,1,0,1,1,0
SYN-00359,2892.39,30,98,0.323,5,small,UK,0,0,1,0,0
SYN-00360,8761.78,30,91,0.432,7,small,UK,0,0,0,1,0
SYN-00361,4886.82,60,32,0.146,4,small,Nordics,0,0,0,0,0
SYN-00362,1762.35,45,97,0.133,6,small,UK,0,0,1,1,1
SYN-00363,4523.65,60,83,0.419,6,enterprise,Southern Europe,0,0,0,0,0
SYN-00364,7260.77,60,57,0.218,10,small,DACH,0,0,1,1,0
SYN-00365,1443.63,45,15,0.386,9,enterprise,Southern Europe,0,0,0,1,0
SYN-00366,1213.54,30,22,0.168,3,enterprise,UK,0,0,1,0,0
SYN-00367,5067.12,60,110,0.17,4,midmarket,DACH,1,0,0,0,1
SYN-00368,1312.76,14,46,0.149,4,midmarket,UK,0,0,0,0,0
SYN-00369,1128.9,45,120,0.535,3,small,Nordics,0,0,0,0,0
SYN-00370,1223.05,14,69,0.293,1,midmarket,UK,0,1,0,0,0
SYN-00371,2663.92,60,37,0.228,1,small,DACH,0,0,1,1,0
SYN-00372,1779.92,30,40,0.272,3,enterprise,UK,0,0,0,1,0
SYN-00373,555.53,14,119,0.021,9,enterprise,Southern Europe,0,0,1,1,0
SYN-00374,1257.0,45,94,0.212,7,midmarket,UK,0,0,0,1,0
SYN-00375,3149.08,60,22,0.076,4,midmarket,DACH,0,0,1,1,0
SYN-00376,5693.48,14,47,0.079,0,midmarket,Southern Europe,0,0,1,0,0
SYN-00377,1954.67,30,34,0.318,0,small,Nordics,0,0,0,1,1
SYN-00378,1832.19,60,42,0.076,8,small,UK,0,0,0,0,0
SYN-00379,2841.99,30,41,0.704,2,midmarket,Southern Europe,0,1,1,0,1
SYN-00380,2138.38,30,30,0.04,4,small,UK,0,1,0,0,0
SYN-00381,4392.95,45,110,0.213,9,small,UK,1,0,0,1,0
SYN-00382,39095.45,45,30,0.165,1,small,UK,0,0,0,1,0
SYN-00383,2765.78,60,93,0.205,2,midmarket,Southern Europe,0,0,0,1,1
SYN-00384,2838.87,45,3,0.166,9,midmarket,DACH,0,0,1,0,0
SYN-00385,910.26,30,86,0.185,7,small,Southern Europe,0,0,0,0,0
SYN-00386,2322.14,30,79,0.19,1,small,Southern Europe,0,0,0,0,0
SYN-00387,1329.93,14,21,0.22,5,midmarket,DACH,0,0,1,1,0
SYN-00388,798.81,60,44,0.215,0,small,Nordics,0,0,0,0,0
SYN-00389,8475.85,60,37,0.111,2,midmarket,Nordics,0,0,0,1,0
SYN-00390,2651.83,45,3,0.169,8,small,DACH,0,0,1,1,1
SYN-00391,1639.3,60,62,0.358,4,small,DACH,0,0,0,1,0
SYN-00392,2780.2,30,47,0.324,9,small,DACH,1,0,0,0,0
SYN-00393,1921.64,30,90,0.562,3,small,UK,0,0,0,0,0
SYN-00394,3109.14,14,28,0.587,4,small,Nordics,0,1,0,1,1
SYN-00395,2326.26,45,47,0.495,1,small,Nordics,0,0,0,1,0
SYN-00396,3317.0,60,114,0.21,3,midmarket,Nordics,0,0,1,1,1
SYN-00397,997.58,45,115,0.152,7,small,UK,0,0,0,0,0
SYN-00398,7234.94,14,21,0.108,0,midmarket,Southern Europe,0,0,0,1,0
SYN-00399,1970.91,45,71,0.364,6,enterprise,Southern Europe,0,0,0,0,0
SYN-00400,490.39,14,44,0.655,2,midmarket,DACH,0,0,0,0,0
SYN-00401,449.19,30,119,0.2,6,midmarket,UK,0,0,0,0,0
SYN-00402,586.69,60,84,0.296,5,midmarket,UK,0,0,0,0,0
SYN-00403,1304.19,60,14,0.076,8,small,DACH,1,0,0,1,1
SYN-00404,3651.96,30,28,0.308,10,midmarket,DACH,0,0,1,1,0
SYN-00405,1967.92,45,18,0.242,2,midmarket,Southern Europe,0,0,1,1,0
SYN-00406,789.77,60,90,0.312,6,small,Southern Europe,0,0,1,0,0
SYN-00407,5607.18,60,114,0.131,8,enterprise,DACH,0,0,0,0,0
SYN-00408,679.54,30,29,0.203,6,midmarket,Southern Europe,1,0,1,1,0
SYN-00409,921.45,60,23,0.191,0,midmarket,Nordics,0,0,0,0,0
SYN-00410,2226.72,14,85,0.508,10,midmarket,UK,0,0,0,0,0
SYN-00411,2099.08,30,98,0.444,4,midmarket,DACH,0,0,0,0,0
SYN-00412,5201.19,60,106,0.177,10,midmarket,Nordics,0,0,0,0,0
SYN-00413,1812.89,60,96,0.367,4,small,Nordics,0,0,1,1,0
SYN-00414,1803.46,14,98,0.191,0,midmarket,Nordics,0,0,0,0,0
SYN-00415,775.16,45,22,0.179,2,small,UK,0,0,1,1,0
SYN-00416,3229.84,60,90,0.23,6,midmarket,Nordics,0,1,1,0,0
SYN-00417,1161.84,45,76,0.486,9,midmarket,Southern Europe,0,0,0,1,0
SYN-00418,3486.03,45,20,0.226,9,enterprise,DACH,1,0,1,1,1
SYN-00419,1455.28,14,73,0.297,5,small,UK,0,0,0,1,0
SYN-00420,1938.95,14,1,0.54,0,midmarket,DACH,0,0,1,1,1
SYN-00421,337.16,14,113,0.187,1,midmarket,Southern Europe,0,1,0,0,0
SYN-00422,1012.59,60,9,0.118,8,small,UK,0,1,0,0,1
SYN-00423,7670.01,45,98,0.22,1,midmarket,Southern Europe,0,0,0,1,0
SYN-00424,474.8,30,55,0.33,7,midmarket,UK,0,0,0,0,0
SYN-00425,3605.36,60,10,0.127,5,small,DACH,1,0,0,1,1
SYN-00426,2657.77,45,33,0.278,8,enterprise,UK,0,0,0,1,0
SYN-00427,429.42,14,16,0.029,3,midmarket,DACH,0,0,1,0,0
SYN-00428,670.28,45,101,0.279,8,midmarket,Nordics,0,0,1,0,0
SYN-00429,1704.29,30,57,0.161,6,enterprise,DACH,0,0,0,0,0
SYN-00430,8500.62,45,105,0.65,7,small,Southern Europe,0,0,1,1,1
SYN-00431,1695.89,14,25,0.464,10,midmarket,Southern Europe,0,0,0,0,0
SYN-00432,3563.52,30,102,0.186,3,small,DACH,1,0,1,0,0
SYN-00433,1485.0,14,103,0.346,0,small,DACH,0,0,1,0,0
SYN-00434,11340.91,60,27,0.597,4,enterprise,Southern Europe,0,0,0,1,0
SYN-00435,1798.39,60,35,0.258,3,small,Southern Europe,0,0,1,1,0
SYN-00436,2283.26,45,35,0.557,3,enterprise,DACH,0,0,1,1,0
SYN-00437,994.9,45,60,0.093,9,enterprise,Nordics,0,0,0,0,0
SYN-00438,1629.73,60,11,0.047,10,midmarket,Nordics,0,0,0,0,0
SYN-00439,1078.87,30,72,0.073,4,small,Southern Europe,0,0,0,0,0
SYN-00440,607.88,45,5,0.405,9,small,DACH,1,0,1,1,1
SYN-00441,872.81,45,52,0.718,6,small,DACH,0,0,1,1,0
SYN-00442,1164.78,30,28,0.102,4,midmarket,Nordics,0,0,0,0,0
SYN-00443,1926.59,45,34,0.112,2,midmarket,Southern Europe,0,0,0,0,0
SYN-00444,2376.64,14,53,0.627,8,small,DACH,0,0,1,1,1
SYN-00445,2869.87,14,45,0.191,0,enterprise,UK,0,1,0,0,1
SYN-00446,1982.2,14,65,0.144,9,enterprise,UK,0,0,0,0,0
SYN-00447,1045.6,45,11,0.042,1,small,DACH,0,0,0,1,0
SYN-00448,3645.59,30,22,0.245,8,midmarket,Nordics,0,0,0,1,0
SYN-00449,1354.22,45,12,0.088,10,midmarket,Nordics,0,0,0,0,0
SYN-00450,1716.16,45,48,0.198,6,small,DACH,0,0,0,1,1
SYN-00451,4096.8,45,47,0.266,10,midmarket,UK,0,0,0,1,1
SYN-00452,2915.89,45,76,0.588,1,enterprise,DACH,0,0,0,0,0
SYN-00453,643.02,30,16,0.49,3,enterprise,Nordics,0,0,0,0,0
SYN-00454,1556.55,45,85,0.225,3,enterprise,DACH,0,0,0,0,0
SYN-00455,2185.07,30,64,0.345,2,midmarket,DACH,0,0,0,0,0
SYN-00456,830.73,60,31,0.296,10,midmarket,Nordics,0,0,0,1,0
SYN-00457,679.73,45,94,0.425,0,small,Southern Europe,0,0,1,0,0
SYN-00458,1437.32,45,9,0.457,3,midmarket,Southern Europe,0,0,1,1,0
SYN-00459,412.39,60,31,0.29,6,small,Nordics,1,0,0,1,1
SYN-00460,6754.53,60,93,0.612,6,enterprise,Southern Europe,0,0,1,1,0
SYN-00461,1071.51,30,90,0.636,8,small,Nordics,0,0,0,1,0
SYN-00462,1094.0,14,37,0.305,5,enterprise,Nordics,0,0,1,0,0
SYN-00463,1206.32,30,99,0.154,5,small,Southern Europe,1,0,0,0,1
SYN-00464,641.29,30,40,0.302,1,midmarket,Southern Europe,0,0,0,0,0
SYN-00465,5258.93,45,23,0.196,10,midmarket,Nordics,0,0,0,1,0
SYN-00466,632.94,60,120,0.239,4,midmarket,DACH,0,0,1,1,0
SYN-00467,2374.17,60,66,0.642,0,small,Southern Europe,0,0,1,1,0
SYN-00468,3095.0,45,91,0.489,5,small,Southern Europe,0,0,0,0,0
SYN-00469,2507.85,30,32,0.054,1,small,DACH,0,0,0,0,0
SYN-00470,1346.56,30,86,0.393,9,small,Southern Europe,0,0,0,1,0
SYN-00471,7743.73,45,20,0.384,1,midmarket,Nordics,0,0,1,1,0
SYN-00472,1924.88,14,67,0.057,10,midmarket,UK,0,1,1,0,0
SYN-00473,915.96,45,53,0.071,3,midmarket,Southern Europe,0,0,0,0,0
SYN-00474,1736.13,45,35,0.313,1,small,Southern Europe,0,0,0,1,0
SYN-00475,1284.93,14,28,0.142,1,small,DACH,0,0,0,0,0
SYN-00476,4462.87,30,75,0.384,2,small,UK,0,0,0,0,0
SYN-00477,5088.74,30,70,0.476,0,midmarket,DACH,0,0,0,0,0
SYN-00478,3231.84,45,1,0.024,5,small,Southern Europe,0,0,1,0,1
SYN-00479,1292.78,60,79,0.235,2,enterprise,DACH,1,0,0,0,0
SYN-00480,324.95,45,113,0.136,7,midmarket,DACH,0,0,0,1,0
SYN-00481,1030.8,60,69,0.125,7,small,UK,0,0,0,0,0
SYN-00482,646.01,14,84,0.131,3,small,UK,0,0,0,0,0
SYN-00483,2289.23,14,72,0.256,0,small,DACH,0,0,1,0,0
SYN-00484,2021.64,45,48,0.315,8,enterprise,Nordics,0,1,0,1,1
SYN-00485,550.11,60,8,0.045,2,midmarket,Nordics,0,0,0,0,0
SYN-00486,2998.92,14,89,0.303,6,enterprise,Southern Europe,1,0,0,0,1
SYN-00487,901.86,14,96,0.471,6,small,Nordics,0,0,1,1,0
SYN-00488,2751.7,45,36,0.134,4,small,Southern Europe,0,0,1,1,0
SYN-00489,1120.23,30,97,0.451,8,enterprise,UK,1,0,0,0,1
SYN-00490,2606.24,14,92,0.588,6,midmarket,UK,0,0,0,1,0
SYN-00491,21223.29,45,94,0.051,4,small,UK,0,0,0,1,1
SYN-00492,3519.89,14,113,0.037,1,midmarket,Southern Europe,0,0,0,0,0
SYN-00493,2991.18,45,71,0.414,8,small,DACH,0,0,0,1,1
SYN-00494,8579.75,14,90,0.04,9,midmarket,Southern Europe,0,0,0,1,1
SYN-00495,3352.02,30,70,0.219,2,small,UK,1,0,0,0,0
SYN-00496,2317.27,60,77,0.515,2,small,DACH,0,0,0,1,0
SYN-00497,1084.2,14,5,0.27,2,small,Southern Europe,0,1,1,0,1
SYN-00498,595.38,45,120,0.062,5,midmarket,Nordics,0,0,1,0,0
SYN-00499,4433.49,60,50,0.092,6,enterprise,Southern Europe,0,0,1,0,0
SYN-00500,712.58,60,86,0.112,3,small,Nordics,1,0,1,0,0
SYN-00501,2473.66,14,34,0.297,4,small,DACH,0,0,0,0,0
SYN-00502,1195.12,45,102,0.005,0,midmarket,Nordics,0,0,1,0,1
SYN-00503,2082.82,14,65,0.386,4,small,DACH,0,0,0,1,0
SYN-00504,1548.35,45,14,0.121,4,small,UK,0,0,0,0,1
SYN-00505,3128.21,14,120,0.027,10,midmarket,UK,0,0,0,1,0
SYN-00506,1346.96,30,112,0.379,6,enterprise,Nordics,0,0,0,1,0
SYN-00507,2660.59,60,37,0.194,5,midmarket,Southern Europe,0,0,0,1,0
SYN-00508,2643.39,30,59,0.075,3,small,UK,0,0,0,0,0
SYN-00509,995.28,30,10,0.065,3,small,UK,0,0,0,0,0
SYN-00510,1007.41,45,72,0.051,0,small,UK,0,1,0,0,1
SYN-00511,884.56,45,40,0.538,0,midmarket,DACH,0,0,1,0,0
SYN-00512,1177.68,45,55,0.162,4,enterprise,DACH,0,0,0,0,0
SYN-00513,2866.94,45,78,0.033,5,small,Nordics,0,0,0,0,1
SYN-00514,3640.28,45,75,0.133,5,small,UK,0,0,1,0,0
SYN-00515,2127.06,14,54,0.523,4,enterprise,Nordics,0,0,0,0,0
SYN-00516,343.57,14,100,0.131,10,small,DACH,0,0,1,0,0
SYN-00517,3452.73,30,111,0.271,9,small,Southern Europe,0,0,0,0,0
SYN-00518,2197.32,45,105,0.083,2,small,Southern Europe,0,0,0,1,0
SYN-00519,2673.5,14,37,0.206,3,midmarket,Nordics,0,1,0,0,1
SYN-00520,2215.53,14,60,0.318,2,enterprise,Nordics,1,0,0,1,1
SYN-00521,2506.91,60,72,0.236,0,midmarket,Southern Europe,0,0,0,0,0
SYN-00522,3022.63,14,6,0.394,5,small,Nordics,0,0,0,0,0
SYN-00523,1243.37,30,20,0.602,9,midmarket,UK,0,0,0,1,0
SYN-00524,1763.82,14,101,0.219,0,small,DACH,0,0,0,0,0
SYN-00525,624.98,45,70,0.166,0,midmarket,Nordics,1,0,0,0,1
SYN-00526,1224.99,45,7,0.328,0,small,Nordics,1,0,0,1,0
SYN-00527,1620.98,30,83,0.299,9,small,DACH,0,0,0,1,0
SYN-00528,1576.25,30,39,0.113,2,midmarket,DACH,0,0,0,0,0
SYN-00529,1113.81,30,79,0.444,7,small,DACH,0,0,0,0,0
SYN-00530,2345.69,30,72,0.164,5,small,DACH,0,0,0,1,0
SYN-00531,958.11,60,106,0.144,2,midmarket,UK,0,0,0,0,0
SYN-00532,9301.89,60,96,0.141,1,small,DACH,0,0,1,1,0
SYN-00533,2537.99,30,12,0.718,10,small,DACH,0,0,0,1,0
SYN-00534,287.3,14,4,0.208,7,small,Nordics,0,0,0,0,0
SYN-00535,456.03,30,70,0.247,6,enterprise,Nordics,0,0,0,1,0
SYN-00536,5876.69,30,99,0.075,4,small,DACH,0,0,0,1,0
SYN-00537,4298.17,14,13,0.282,9,midmarket,Southern Europe,0,0,0,1,0
SYN-00538,729.61,60,74,0.377,7,small,UK,0,0,0,0,0
SYN-00539,659.5,45,13,0.394,10,midmarket,UK,0,0,0,1,0
SYN-00540,360.56,45,30,0.223,5,midmarket,DACH,0,0,0,1,0
SYN-00541,1232.82,60,44,0.202,10,midmarket,Nordics,0,0,1,1,0
SYN-00542,1215.07,30,8,0.226,6,small,DACH,0,0,0,0,0
SYN-00543,822.57,30,24,0.039,2,small,Nordics,0,1,0,0,0
SYN-00544,2704.47,60,97,0.255,10,enterprise,DACH,0,0,0,1,0
SYN-00545,1937.82,14,31,0.717,5,small,Southern Europe,0,0,0,0,0
SYN-00546,1078.8,14,116,0.506,10,small,Southern Europe,0,0,0,1,0
SYN-00547,3862.86,14,64,0.234,8,midmarket,DACH,0,0,0,1,0
SYN-00548,1779.91,14,80,0.102,2,enterprise,Nordics,0,0,1,0,0
SYN-00549,1269.7,60,32,0.233,1,midmarket,UK,0,0,0,0,1
SYN-00550,1073.81,30,98,0.131,0,midmarket,DACH,0,0,0,0,0
SYN-00551,5120.74,60,29,0.087,6,small,UK,0,0,0,0,0
SYN-00552,889.61,30,100,0.138,10,small,Nordics,0,0,0,0,0
SYN-00553,1827.59,14,66,0.29,1,midmarket,Southern Europe,0,0,0,0,0
SYN-00554,2551.98,14,31,0.128,3,midmarket,DACH,0,0,0,0,0
SYN-00555,923.17,45,55,0.209,8,small,Southern Europe,0,0,0,1,0
SYN-00556,2154.08,14,106,0.166,9,enterprise,Southern Europe,1,0,1,0,1
SYN-00557,753.69,45,103,0.303,0,enterprise,Nordics,0,0,0,0,0
SYN-00558,6865.61,14,17,0.222,6,enterprise,Nordics,0,0,0,0,0
SYN-00559,2598.8,60,55,0.03,4,midmarket,UK,0,0,0,0,0
SYN-00560,1597.3,45,55,0.093,4,enterprise,Nordics,0,0,0,1,0
SYN-00561,1342.9,45,108,0.389,2,midmarket,DACH,0,0,0,0,0
SYN-00562,1209.43,60,83,0.303,3,small,UK,0,0,1,0,0
SYN-00563,832.3,30,119,0.147,6,small,DACH,0,0,0,1,0
SYN-00564,1943.02,14,73,0.064,1,small,DACH,0,0,1,0,0
SYN-00565,2195.92,60,1,0.275,1,midmarket,DACH,0,0,0,0,0
SYN-00566,2844.14,45,98,0.061,8,midmarket,Southern Europe,0,0,0,1,0
SYN-00567,5017.21,45,108,0.39,7,midmarket,Southern Europe,0,0,0,1,0
SYN-00568,850.47,30,87,0.58,7,small,Southern Europe,0,0,0,1,0
SYN-00569,1300.05,45,48,0.468,0,small,UK,0,0,0,1,0
SYN-00570,1928.79,60,77,0.095,7,enterprise,Southern Europe,0,0,0,0,0
SYN-00571,2061.36,30,11,0.413,9,small,Southern Europe,0,0,0,1,0
SYN-00572,1489.07,14,99,0.438,6,midmarket,Nordics,1,0,1,0,0
SYN-00573,3769.26,60,51,0.065,9,midmarket,Nordics,0,1,1,1,1
SYN-00574,4342.93,60,105,0.132,6,small,UK,0,0,0,1,0
SYN-00575,1311.05,30,68,0.469,5,small,Southern Europe,0,0,1,0,1
SYN-00576,3880.37,14,61,0.06,3,midmarket,Southern Europe,0,0,0,1,0
SYN-00577,3193.56,45,91,0.135,6,midmarket,DACH,0,0,0,1,0
SYN-00578,3200.59,30,56,0.277,6,midmarket,DACH,1,0,1,0,0
SYN-00579,2546.12,30,76,0.326,7,enterprise,UK,0,0,0,0,0
SYN-00580,3031.08,14,104,0.236,2,small,UK,0,0,0,0,0
SYN-00581,2531.06,14,66,0.462,4,midmarket,Nordics,0,0,1,0,0
SYN-00582,1603.77,60,27,0.098,1,small,UK,0,0,0,0,0
SYN-00583,3817.6,60,70,0.834,2,small,Nordics,0,0,0,1,0
SYN-00584,1381.34,45,45,0.38,8,small,Nordics,0,0,1,1,1
SYN-00585,1406.69,60,19,0.122,1,small,DACH,0,0,0,1,0
SYN-00586,3238.75,30,28,0.324,10,enterprise,Nordics,0,0,0,1,0
SYN-00587,330.34,14,65,0.241,9,small,Southern Europe,0,0,0,0,0
SYN-00588,3168.23,45,17,0.114,9,enterprise,Nordics,0,0,1,1,0
SYN-00589,1105.89,30,87,0.073,2,small,Nordics,1,0,0,0,0
SYN-00590,2907.93,45,76,0.457,3,midmarket,UK,0,0,1,0,0
SYN-00591,3442.08,14,108,0.076,3,small,UK,0,0,0,0,0
SYN-00592,2546.23,60,13,0.359,3,enterprise,Southern Europe,0,0,0,0,0
SYN-00593,1009.18,45,81,0.214,3,small,UK,0,0,0,0,0
SYN-00594,1520.12,60,114,0.138,7,midmarket,Nordics,0,0,1,1,0
SYN-00595,2460.21,45,107,0.498,4,small,Southern Europe,0,0,0,1,0
SYN-00596,773.53,30,90,0.733,1,midmarket,DACH,1,0,0,1,1
SYN-00597,1911.52,14,80,0.175,7,small,DACH,0,0,0,0,0
SYN-00598,1956.03,60,117,0.094,2,midmarket,Nordics,0,0,0,0,0
SYN-00599,3324.06,45,51,0.085,0,small,DACH,0,0,0,0,0
SYN-00600,812.01,45,54,0.297,7,midmarket,UK,0,0,1,1,1
SYN-00601,2364.77,45,65,0.431,6,small,DACH,0,0,0,1,0
SYN-00602,5677.07,60,10,0.224,3,small,Southern Europe,0,0,1,1,0
SYN-00603,2263.77,60,1,0.509,6,small,Nordics,0,0,0,1,0
SYN-00604,3552.51,60,9,0.315,4,midmarket,DACH,0,0,0,1,0
SYN-00605,1759.38,30,82,0.101,0,midmarket,DACH,0,0,0,1,0
SYN-00606,10352.62,30,32,0.087,7,small,Nordics,0,0,0,1,0
SYN-00607,5304.77,60,93,0.355,0,small,UK,0,0,0,1,0
SYN-00608,2192.09,14,31,0.082,9,small,Southern Europe,0,0,0,0,1
SYN-00609,719.63,14,77,0.109,10,midmarket,DACH,0,0,0,0,0
SYN-00610,436.29,60,41,0.237,6,midmarket,DACH,0,0,0,1,0
SYN-00611,2683.73,60,107,0.043,10,small,Southern Europe,0,0,0,0,0
SYN-00612,1567.87,30,41,0.394,3,midmarket,Southern Europe,0,0,0,0,0
SYN-00613,3636.48,45,32,0.472,7,small,UK,0,0,0,1,1
SYN-00614,3091.69,60,97,0.351,3,small,Nordics,0,0,1,1,0
SYN-00615,1675.0,45,103,0.118,9,small,Southern Europe,0,0,1,1,0
SYN-00616,525.17,14,114,0.085,0,enterprise,Nordics,1,0,1,0,0
SYN-00617,1056.79,30,81,0.274,8,midmarket,Southern Europe,0,0,0,1,0
SYN-00618,562.22,45,116,0.27,9,small,Southern Europe,0,0,1,0,0
SYN-00619,1928.2,14,58,0.049,4,midmarket,Nordics,0,0,0,1,0
SYN-00620,4130.75,60,86,0.158,10,enterprise,Nordics,0,0,0,0,0
SYN-00621,6155.03,14,66,0.021,1,small,Nordics,0,0,1,0,1
SYN-00622,1117.05,60,5,0.298,1,enterprise,Southern Europe,0,1,0,0,1
SYN-00623,2642.86,30,17,0.247,4,small,DACH,0,0,0,0,1
SYN-00624,1078.18,14,74,0.239,3,small,Nordics,0,0,0,0,0
SYN-00625,9051.88,14,36,0.062,8,small,Southern Europe,0,0,0,0,0
SYN-00626,817.7,30,40,0.134,3,small,Nordics,0,0,0,1,0
SYN-00627,456.05,60,20,0.341,8,small,Southern Europe,0,0,0,1,0
SYN-00628,3321.59,45,82,0.589,2,small,UK,0,0,1,0,0
SYN-00629,1065.85,60,9,0.18,7,small,Nordics,0,0,0,1,0
SYN-00630,2735.74,60,86,0.097,8,enterprise,Southern Europe,1,0,0,0,0
SYN-00631,1131.3,60,20,0.158,6,small,Southern Europe,0,0,0,0,0
SYN-00632,5616.83,30,110,0.32,6,midmarket,UK,0,1,0,1,1
SYN-00633,1922.29,60,30,0.131,9,enterprise,DACH,0,0,0,0,0
SYN-00634,680.77,45,5,0.201,8,midmarket,DACH,0,0,0,1,0
SYN-00635,2106.02,45,44,0.257,4,midmarket,Southern Europe,0,0,0,1,0
SYN-00636,3932.8,14,32,0.13,6,enterprise,Nordics,1,0,0,0,1
SYN-00637,4500.37,30,78,0.124,7,enterprise,Southern Europe,0,0,0,0,0
SYN-00638,1117.08,60,31,0.149,9,midmarket,DACH,0,0,1,1,0
SYN-00639,3724.29,45,66,0.095,4,midmarket,UK,0,0,0,0,0
SYN-00640,1869.51,30,86,0.083,1,small,UK,0,0,1,0,0
SYN-00641,368.84,14,108,0.588,5,small,UK,1,0,0,1,0
SYN-00642,2119.47,45,17,0.022,9,small,DACH,0,1,1,1,1
SYN-00643,997.94,45,50,0.294,6,midmarket,UK,0,0,0,0,0
SYN-00644,4078.51,14,15,0.178,5,midmarket,UK,0,1,1,0,1
SYN-00645,582.23,30,114,0.246,2,enterprise,Southern Europe,0,0,0,0,0
SYN-00646,1538.5,60,37,0.308,7,enterprise,DACH,0,0,0,0,1
SYN-00647,1653.52,60,32,0.251,9,small,Nordics,0,0,0,1,0
SYN-00648,607.24,30,89,0.137,3,small,DACH,0,0,0,1,0
SYN-00649,1100.08,60,13,0.081,7,enterprise,Nordics,0,0,0,1,0
SYN-00650,1554.88,60,61,0.497,5,small,Nordics,0,0,0,1,0
SYN-00651,5194.79,45,114,0.051,6,enterprise,Southern Europe,0,0,1,0,0
SYN-00652,1771.6,14,40,0.192,1,enterprise,DACH,0,0,0,0,1
SYN-00653,1245.43,45,110,0.064,7,midmarket,Nordics,0,0,0,0,0
SYN-00654,2150.3,30,39,0.241,3,enterprise,DACH,0,1,0,0,1
SYN-00655,2498.38,45,60,0.545,9,enterprise,UK,0,1,0,1,1
SYN-00656,805.7,45,80,0.06,10,enterprise,UK,0,0,0,1,0
SYN-00657,293.53,60,56,0.493,7,enterprise,DACH,0,0,1,0,0
SYN-00658,2893.34,45,99,0.112,8,small,DACH,0,0,0,1,0
SYN-00659,2157.42,45,60,0.161,10,enterprise,DACH,0,0,0,0,1
SYN-00660,2637.79,14,16,0.043,6,small,Nordics,0,0,0,1,0
SYN-00661,2277.64,45,71,0.255,8,small,Southern Europe,0,1,0,1,0
SYN-00662,2982.72,14,49,0.598,6,small,DACH,0,0,1,1,0
SYN-00663,2045.05,30,113,0.376,10,small,UK,0,0,0,1,0
SYN-00664,1645.06,14,81,0.522,4,enterprise,Nordics,0,0,0,0,0
SYN-00665,3107.46,60,48,0.111,10,midmarket,UK,0,0,0,1,0
SYN-00666,1894.9,60,116,0.158,8,enterprise,DACH,0,0,0,1,0
SYN-00667,2083.14,45,48,0.247,8,midmarket,UK,0,0,0,0,0
SYN-00668,3725.29,14,47,0.281,9,small,Southern Europe,0,1,0,1,0
SYN-00669,8348.18,60,35,0.371,6,enterprise,DACH,0,0,0,1,1
SYN-00670,1717.01,30,24,0.146,1,small,Southern Europe,0,1,0,0,0
SYN-00671,1283.05,14,32,0.014,3,midmarket,UK,1,0,0,0,0
SYN-00672,1853.23,60,51,0.28,8,enterprise,Nordics,0,0,0,0,0
SYN-00673,1166.23,60,50,0.09,1,midmarket,UK,0,0,1,0,0
SYN-00674,1135.12,30,92,0.156,10,small,Southern Europe,0,1,0,1,0
SYN-00675,1800.41,45,45,0.354,1,midmarket,DACH,0,1,0,0,0
SYN-00676,1277.7,14,8,0.285,1,small,DACH,0,0,1,0,0
SYN-00677,3217.85,14,97,0.114,9,small,UK,0,0,0,0,0
SYN-00678,1949.72,30,38,0.122,10,midmarket,Nordics,0,0,0,0,0
SYN-00679,2019.0,14,6,0.098,8,small,Nordics,0,0,1,1,0
SYN-00680,4591.45,60,52,0.41,4,midmarket,Nordics,0,1,1,1,1
SYN-00681,3789.53,60,56,0.182,4,midmarket,UK,0,0,0,1,0
SYN-00682,1731.92,60,82,0.578,6,midmarket,DACH,1,0,0,1,0
SYN-00683,1881.44,14,50,0.189,1,small,Southern Europe,1,1,0,0,1
SYN-00684,2242.93,14,83,0.099,1,midmarket,Southern Europe,0,0,0,0,0
SYN-00685,5427.88,60,10,0.227,1,small,DACH,0,0,1,0,0
SYN-00686,2452.12,30,66,0.091,6,enterprise,Nordics,0,0,0,0,0
SYN-00687,2013.25,60,38,0.288,3,small,UK,0,0,0,0,0
SYN-00688,1277.55,60,84,0.161,3,midmarket,Nordics,1,0,0,0,1
SYN-00689,1073.72,45,77,0.186,4,midmarket,Nordics,0,0,1,1,1
SYN-00690,3501.74,30,20,0.301,3,midmarket,UK,0,0,1,0,0
SYN-00691,4122.13,14,62,0.282,1,midmarket,UK,0,0,1,0,0
SYN-00692,2232.14,30,6,0.229,7,midmarket,DACH,0,0,0,1,1
SYN-00693,3692.11,45,91,0.131,3,small,UK,0,0,0,0,0
SYN-00694,1752.64,60,69,0.189,1,enterprise,Nordics,0,0,0,0,0
SYN-00695,1629.14,14,83,0.032,4,small,Nordics,0,0,1,1,0
SYN-00696,3105.05,60,39,0.13,9,midmarket,DACH,0,0,0,0,0
SYN-00697,3045.58,60,79,0.473,4,midmarket,Southern Europe,0,0,0,1,0
SYN-00698,1466.51,14,75,0.103,3,small,Southern Europe,0,0,0,0,0
SYN-00699,1608.56,14,105,0.185,8,small,Southern Europe,0,0,0,0,0
SYN-00700,7134.71,30,40,0.066,5,midmarket,Southern Europe,0,1,1,0,1
SYN-00701,2324.43,45,117,0.156,6,enterprise,Southern Europe,1,0,0,1,0
SYN-00702,265.48,30,79,0.213,0,small,UK,1,0,0,0,0
SYN-00703,663.41,45,113,0.23,2,small,DACH,0,0,0,0,0
SYN-00704,1338.37,45,120,0.275,8,small,Southern Europe,0,0,0,0,0
SYN-00705,936.09,30,56,0.135,0,small,Nordics,0,0,0,1,0
SYN-00706,979.93,60,102,0.281,3,enterprise,DACH,0,0,1,1,0
SYN-00707,2543.28,30,96,0.07,1,midmarket,UK,0,0,0,0,0
SYN-00708,1335.7,14,58,0.345,5,small,UK,0,0,0,1,0
SYN-00709,614.55,14,12,0.085,6,midmarket,UK,0,0,0,0,0
SYN-00710,1590.11,30,60,0.175,3,midmarket,Southern Europe,0,0,0,0,0
SYN-00711,3650.13,30,70,0.288,3,midmarket,DACH,0,0,0,1,0
SYN-00712,8695.79,45,106,0.523,7,small,Southern Europe,0,0,1,1,0
SYN-00713,1155.18,45,31,0.219,9,small,Southern Europe,0,1,0,1,0
SYN-00714,1982.96,30,24,0.23,3,small,UK,0,0,0,0,1
SYN-00715,1932.4,30,36,0.196,10,small,Southern Europe,0,0,0,0,0
SYN-00716,1719.09,45,92,0.129,4,small,Southern Europe,0,0,0,0,0
SYN-00717,7621.31,60,95,0.012,4,small,DACH,0,0,0,0,0
SYN-00718,3723.8,60,102,0.559,0,midmarket,Nordics,0,0,0,0,1
SYN-00719,4786.92,14,29,0.205,0,midmarket,Southern Europe,0,0,0,0,0
SYN-00720,5610.68,60,72,0.151,6,small,UK,1,0,0,1,1
SYN-00721,3971.66,45,89,0.54,0,midmarket,Southern Europe,0,0,0,1,0
SYN-00722,2575.82,60,84,0.115,7,midmarket,UK,0,1,1,0,0
SYN-00723,1551.71,45,116,0.149,2,enterprise,UK,0,0,0,0,0
SYN-00724,100.38,30,105,0.255,4,enterprise,Nordics,0,1,0,1,1
SYN-00725,2789.67,60,22,0.491,5,midmarket,UK,0,0,1,1,0
SYN-00726,461.87,30,13,0.106,6,small,UK,1,0,0,0,0
SYN-00727,2700.37,60,78,0.232,10,small,DACH,0,0,1,1,0
SYN-00728,2938.88,60,54,0.208,0,small,UK,0,0,1,1,0
SYN-00729,826.31,14,27,0.181,5,midmarket,UK,0,0,0,0,0
SYN-00730,1096.88,14,102,0.135,7,midmarket,UK,0,0,0,0,0
SYN-00731,615.43,45,61,0.161,3,midmarket,DACH,1,0,0,0,1
SYN-00732,1376.34,14,76,0.177,2,midmarket,DACH,0,0,0,0,0
SYN-00733,2472.67,45,98,0.441,7,small,Southern Europe,0,0,0,0,0
SYN-00734,1727.61,14,40,0.311,10,enterprise,UK,1,0,0,1,0
SYN-00735,1123.24,45,86,0.116,3,midmarket,UK,0,0,0,0,0
SYN-00736,2483.79,45,15,0.223,0,enterprise,DACH,0,0,0,0,0
SYN-00737,2349.62,14,108,0.192,8,small,Nordics,0,0,0,0,0
SYN-00738,395.78,60,49,0.611,5,midmarket,UK,0,0,0,1,0
SYN-00739,4661.0,14,60,0.132,0,midmarket,Southern Europe,0,0,0,0,0
SYN-00740,2768.52,45,59,0.063,0,midmarket,UK,0,0,0,0,0
SYN-00741,3687.08,45,114,0.347,8,enterprise,DACH,0,0,1,0,1
SYN-00742,728.47,14,30,0.552,4,small,Southern Europe,0,0,0,1,0
SYN-00743,2042.98,45,103,0.142,1,small,UK,1,0,1,0,1
SYN-00744,1772.59,14,4,0.016,9,enterprise,Nordics,0,0,0,1,0
SYN-00745,4516.34,60,90,0.168,4,small,Nordics,0,0,1,0,1
SYN-00746,2899.22,30,68,0.058,4,small,Southern Europe,0,0,1,1,1
SYN-00747,3755.48,14,13,0.167,3,small,Southern Europe,0,0,0,0,1
SYN-00748,1138.89,60,53,0.166,8,midmarket,UK,1,0,0,1,0
SYN-00749,2549.83,45,1,0.294,7,small,DACH,0,0,0,0,0
SYN-00750,1636.38,60,113,0.145,10,small,Nordics,0,0,0,1,0
SYN-00751,5370.37,14,17,0.755,1,small,Southern Europe,1,0,0,1,1
SYN-00752,438.42,60,38,0.282,9,small,DACH,0,0,0,1,0
SYN-00753,5817.65,45,32,0.734,6,midmarket,UK,0,0,0,1,1
SYN-00754,2401.47,45,49,0.333,8,midmarket,UK,0,0,0,0,0
SYN-00755,1406.83,14,35,0.204,6,small,UK,0,0,1,0,0
SYN-00756,2006.22,14,84,0.357,0,midmarket,UK,0,1,0,0,1
SYN-00757,1114.85,14,55,0.178,9,midmarket,Southern Europe,1,0,1,1,0
SYN-00758,330.42,60,106,0.276,9,midmarket,DACH,0,0,1,1,0
SYN-00759,1044.09,45,76,0.602,7,small,DACH,0,0,0,1,0
SYN-00760,1560.24,60,21,0.235,3,small,UK,0,0,0,1,0
SYN-00761,1714.06,30,113,0.312,5,midmarket,UK,0,0,0,0,0
SYN-00762,1349.12,14,106,0.65,3,small,Southern Europe,0,0,0,0,0
SYN-00763,31418.58,14,96,0.447,4,enterprise,DACH,0,0,1,1,0
SYN-00764,2314.55,14,62,0.086,9,small,DACH,1,0,0,0,1
SYN-00765,1888.76,45,89,0.26,7,midmarket,Southern Europe,0,0,0,0,0
SYN-00766,4961.73,14,85,0.181,0,small,Nordics,0,0,1,1,0
SYN-00767,2908.19,60,84,0.163,4,small,Nordics,0,0,0,0,0
SYN-00768,3560.72,14,7,0.231,10,enterprise,Southern Europe,0,0,0,0,0
SYN-00769,928.34,45,39,0.309,2,small,UK,0,0,0,1,0
SYN-00770,4441.56,45,74,0.408,0,small,Nordics,0,0,0,1,0
SYN-00771,4054.23,14,35,0.173,9,enterprise,Southern Europe,1,0,0,1,0
SYN-00772,1052.52,14,39,0.523,5,midmarket,Nordics,0,0,0,0,0
SYN-00773,5081.04,60,110,0.345,10,small,Southern Europe,0,0,0,1,0
SYN-00774,1366.9,30,16,0.349,0,midmarket,UK,0,0,0,0,0
SYN-00775,412.6,60,73,0.548,8,small,Southern Europe,0,0,0,1,0
SYN-00776,1290.75,60,22,0.265,4,small,DACH,0,1,0,1,0
SYN-00777,4764.49,45,56,0.352,6,small,UK,0,0,0,1,0
SYN-00778,4720.62,60,39,0.073,5,midmarket,DACH,1,0,0,0,1
SYN-00779,955.43,60,25,0.253,6,small,Southern Europe,0,0,0,0,0
SYN-00780,420.05,30,97,0.334,2,enterprise,DACH,1,0,0,0,0
SYN-00781,9532.06,60,89,0.036,1,small,DACH,0,0,0,0,0
SYN-00782,1036.58,60,68,0.305,3,midmarket,DACH,0,1,0,1,1
SYN-00783,4139.38,60,116,0.197,0,enterprise,UK,0,0,0,0,0
SYN-00784,3025.65,14,93,0.172,3,midmarket,Nordics,0,0,0,0,0
SYN-00785,626.44,14,1,0.381,1,midmarket,UK,0,0,0,0,0
SYN-00786,667.76,14,112,0.059,10,small,UK,0,0,0,0,0
SYN-00787,2141.37,45,60,0.178,7,small,Southern Europe,0,0,1,0,0
SYN-00788,3238.01,45,20,0.618,6,small,DACH,0,0,1,1,0
SYN-00789,955.48,14,103,0.061,5,midmarket,Southern Europe,0,0,0,1,0
SYN-00790,1064.21,45,61,0.152,5,midmarket,DACH,0,0,0,0,0
SYN-00791,1129.52,45,75,0.121,7,midmarket,UK,0,0,0,0,0
SYN-00792,6461.48,14,46,0.135,2,enterprise,Southern Europe,0,0,0,0,0
SYN-00793,863.15,60,16,0.061,10,midmarket,UK,0,0,0,0,0
SYN-00794,4828.51,14,57,0.666,2,midmarket,UK,0,0,0,1,0
SYN-00795,4452.69,14,19,0.539,4,small,Southern Europe,0,0,0,1,0
SYN-00796,6345.01,45,44,0.08,10,enterprise,Nordics,1,0,0,1,1
SYN-00797,4409.14,14,119,0.483,9,enterprise,Southern Europe,0,0,0,1,0
SYN-00798,1492.19,14,22,0.395,0,midmarket,Nordics,0,0,1,0,0
SYN-00799,1573.02,14,76,0.209,0,small,UK,0,0,0,0,0
SYN-00800,1234.46,14,73,0.066,0,small,UK,0,0,1,0,0
SYN-00801,1601.03,45,117,0.547,8,small,DACH,0,0,1,0,0
SYN-00802,1532.44,60,116,0.169,1,small,Nordics,1,0,1,0,1
SYN-00803,25780.92,60,88,0.187,7,small,Southern Europe,0,0,1,1,0
SYN-00804,1461.98,60,44,0.415,0,small,Nordics,0,0,0,0,0
SYN-00805,3412.61,60,103,0.216,4,small,Nordics,0,0,1,0,0
SYN-00806,17424.87,30,70,0.053,7,small,UK,1,0,1,0,1
SYN-00807,880.28,30,17,0.081,9,enterprise,Southern Europe,0,0,1,0,0
SYN-00808,1076.91,30,120,0.732,4,small,UK,0,0,1,1,1
SYN-00809,777.83,60,4,0.315,8,midmarket,Southern Europe,0,0,0,1,0
SYN-00810,940.49,45,60,0.305,0,small,Nordics,0,0,0,0,0
SYN-00811,543.52,60,100,0.407,3,small,DACH,0,0,0,0,0
SYN-00812,2682.43,60,94,0.127,8,enterprise,Southern Europe,0,0,0,1,0
SYN-00813,5907.34,30,66,0.516,2,small,Southern Europe,0,0,0,1,1
SYN-00814,380.17,14,78,0.223,1,midmarket,Nordics,0,0,0,0,0
SYN-00815,3285.71,30,50,0.198,7,small,UK,0,0,1,1,1
SYN-00816,885.21,60,82,0.557,2,small,Nordics,0,0,1,0,0
SYN-00817,1090.5,60,61,0.216,3,midmarket,Southern Europe,0,0,0,0,1
SYN-00818,4373.77,45,118,0.509,7,enterprise,DACH,1,0,0,1,0
SYN-00819,688.08,60,29,0.109,10,enterprise,Southern Europe,0,0,0,0,0
SYN-00820,2020.2,45,25,0.68,7,small,Southern Europe,0,0,0,1,0
SYN-00821,827.92,45,88,0.334,3,enterprise,UK,1,0,0,0,1
SYN-00822,4630.83,60,73,0.254,8,small,Southern Europe,0,0,1,1,0
SYN-00823,1185.02,14,62,0.096,1,small,Nordics,0,0,1,0,1
SYN-00824,3743.88,45,119,0.329,3,midmarket,UK,0,0,0,1,0
SYN-00825,6498.99,45,112,0.043,1,small,Southern Europe,0,0,0,0,0
SYN-00826,8414.42,14,49,0.108,7,midmarket,DACH,0,0,0,0,1
SYN-00827,1446.08,30,40,0.006,3,enterprise,DACH,0,0,0,0,0
SYN-00828,5469.11,14,15,0.048,6,midmarket,Nordics,0,0,0,1,0
SYN-00829,1306.63,60,46,0.24,2,midmarket,Nordics,0,0,0,0,0
SYN-00830,1799.46,30,90,0.113,1,small,UK,0,0,0,0,0
SYN-00831,2953.73,60,119,0.755,6,small,Southern Europe,0,0,0,1,0
SYN-00832,2196.86,45,91,0.646,3,midmarket,Nordics,0,0,0,0,0
SYN-00833,1852.34,14,29,0.313,0,enterprise,DACH,0,0,1,1,0
SYN-00834,2923.85,30,25,0.333,10,midmarket,Southern Europe,0,0,1,1,0
SYN-00835,716.4,30,54,0.442,1,midmarket,UK,0,0,0,0,0
SYN-00836,6199.56,14,64,0.175,0,enterprise,Nordics,1,0,0,0,0
SYN-00837,986.89,45,96,0.212,7,midmarket,Southern Europe,0,0,0,0,0
SYN-00838,4099.36,45,26,0.427,5,small,DACH,0,0,1,1,0
SYN-00839,520.51,45,109,0.098,9,small,Southern Europe,0,0,0,0,0
SYN-00840,2298.01,30,102,0.045,5,midmarket,DACH,0,0,0,0,0
SYN-00841,2217.5,14,32,0.265,4,enterprise,Southern Europe,0,1,0,1,0
SYN-00842,289.43,14,11,0.221,1,small,DACH,0,0,1,0,0
SYN-00843,2066.49,45,84,0.308,8,small,Southern Europe,0,0,0,1,0
SYN-00844,2627.56,30,1,0.367,5,enterprise,DACH,0,0,0,0,0
SYN-00845,300.02,30,71,0.144,9,midmarket,Nordics,0,0,0,0,0
SYN-00846,2817.4,45,41,0.479,9,midmarket,Southern Europe,0,0,0,1,0
SYN-00847,6191.15,60,109,0.15,0,small,Nordics,1,1,1,0,1
SYN-00848,868.78,14,107,0.43,2,small,Nordics,0,0,0,1,0
SYN-00849,1129.77,60,89,0.494,8,midmarket,Nordics,0,0,0,1,0
SYN-00850,7027.27,45,92,0.316,4,small,Southern Europe,0,0,0,1,0
SYN-00851,917.85,14,89,0.181,4,midmarket,UK,0,0,0,0,0
SYN-00852,983.22,30,106,0.323,8,enterprise,DACH,1,0,0,0,1
SYN-00853,794.22,14,53,0.103,10,midmarket,Southern Europe,0,0,0,1,0
SYN-00854,2016.1,14,61,0.085,6,small,DACH,0,0,1,0,0
SYN-00855,5854.11,60,68,0.42,8,enterprise,DACH,0,0,0,1,0
SYN-00856,7309.44,60,109,0.265,0,enterprise,DACH,0,0,0,1,0
SYN-00857,6967.02,45,102,0.164,0,small,Southern Europe,0,0,0,0,0
SYN-00858,783.94,45,14,0.405,5,small,Southern Europe,0,0,0,1,0
SYN-00859,1225.19,60,52,0.138,6,midmarket,UK,0,0,1,0,0
SYN-00860,3688.51,30,87,0.263,3,midmarket,Southern Europe,0,0,0,0,0
SYN-00861,3635.29,45,4,0.624,5,midmarket,UK,0,0,0,1,0
SYN-00862,2365.75,60,112,0.52,9,small,Nordics,0,0,0,1,0
SYN-00863,1043.53,60,66,0.115,9,small,DACH,0,1,0,1,0
SYN-00864,1018.05,14,54,0.254,6,small,Nordics,0,0,0,0,0
SYN-00865,1119.26,14,33,0.141,1,small,DACH,0,0,0,0,0
SYN-00866,2288.57,14,84,0.226,2,midmarket,Southern Europe,0,0,1,0,0
SYN-00867,4498.99,30,90,0.09,10,midmarket,Nordics,0,0,0,0,0
SYN-00868,913.46,45,58,0.48,6,small,UK,0,0,0,0,0
SYN-00869,1084.37,60,59,0.043,4,enterprise,DACH,0,0,0,0,0
SYN-00870,10681.44,60,58,0.144,6,midmarket,Southern Europe,0,0,0,1,0
SYN-00871,7006.68,14,15,0.121,9,enterprise,Nordics,0,1,1,0,0
SYN-00872,1552.89,14,48,0.459,4,enterprise,Nordics,0,0,0,0,0
SYN-00873,2210.69,14,17,0.211,1,enterprise,Nordics,0,1,1,0,1
SYN-00874,2506.64,30,21,0.333,5,midmarket,Nordics,0,0,0,0,0
SYN-00875,319.16,30,119,0.593,3,midmarket,Nordics,1,0,1,1,0
SYN-00876,3631.93,14,42,0.238,4,midmarket,Southern Europe,0,0,1,0,0
SYN-00877,5583.05,30,110,0.346,3,midmarket,UK,0,0,0,0,0
SYN-00878,1122.62,60,42,0.452,0,enterprise,Southern Europe,1,0,0,0,0
SYN-00879,606.5,60,73,0.388,2,small,DACH,0,0,0,1,1
SYN-00880,3563.49,30,76,0.085,6,small,DACH,0,0,0,0,0
SYN-00881,543.76,14,23,0.125,7,enterprise,Southern Europe,0,0,0,1,0
SYN-00882,4878.08,14,27,0.093,2,midmarket,DACH,0,0,1,0,0
SYN-00883,1337.72,14,42,0.175,6,small,DACH,0,0,0,0,0
SYN-00884,1827.18,45,27,0.123,1,small,Southern Europe,0,0,0,0,0
SYN-00885,957.9,60,84,0.34,2,small,DACH,0,0,1,0,0
SYN-00886,1781.0,30,100,0.118,10,enterprise,DACH,0,0,1,1,0
SYN-00887,2108.39,45,87,0.109,10,small,Southern Europe,0,0,1,1,0
SYN-00888,7577.5,14,115,0.499,7,enterprise,UK,0,0,1,0,1
SYN-00889,1012.57,60,115,0.029,9,small,Southern Europe,1,0,0,0,1
SYN-00890,1310.02,45,112,0.277,5,midmarket,DACH,0,0,0,1,0
SYN-00891,479.86,14,107,0.564,1,small,Southern Europe,0,0,1,0,0
SYN-00892,3732.57,30,1,0.16,5,enterprise,Nordics,0,0,0,0,0
SYN-00893,2898.0,60,12,0.588,5,small,Nordics,1,0,0,1,1
SYN-00894,5760.7,60,23,0.263,10,midmarket,Nordics,0,1,0,0,1
SYN-00895,3367.7,45,83,0.173,8,enterprise,Nordics,0,0,1,0,0
SYN-00896,1277.64,45,83,0.424,0,small,DACH,0,0,1,1,0
SYN-00897,1559.52,30,10,0.48,3,enterprise,DACH,0,0,0,1,0
SYN-00898,649.7,60,111,0.043,0,small,Southern Europe,1,0,1,1,0
SYN-00899,7447.57,30,97,0.132,6,midmarket,UK,0,1,0,0,1
SYN-00900,1616.47,60,5,0.038,8,small,Nordics,0,0,0,1,0
SYN-00901,1066.93,45,113,0.165,1,midmarket,DACH,1,0,0,0,1
SYN-00902,1758.68,60,110,0.138,6,small,DACH,0,0,1,1,0
SYN-00903,1035.25,60,81,0.05,1,small,UK,0,0,0,0,0
SYN-00904,1431.24,45,84,0.387,3,midmarket,DACH,0,0,0,0,0
SYN-00905,792.11,45,67,0.167,2,small,UK,0,0,0,0,0
SYN-00906,3475.93,30,115,0.205,8,enterprise,DACH,0,0,1,1,0
SYN-00907,1637.96,45,103,0.169,8,small,Nordics,0,0,1,0,1
SYN-00908,3480.56,14,12,0.139,4,enterprise,Southern Europe,0,0,0,0,1
SYN-00909,2465.38,30,16,0.684,3,small,UK,0,1,1,1,0
SYN-00910,1449.66,30,32,0.064,3,midmarket,DACH,1,0,0,0,0
SYN-00911,2578.07,60,81,0.432,1,small,Nordics,0,0,1,0,1
SYN-00912,1390.82,60,42,0.436,9,small,Nordics,0,0,0,0,0
SYN-00913,2519.61,60,61,0.227,2,midmarket,Nordics,0,0,1,0,0
SYN-00914,6241.28,14,50,0.257,6,small,Nordics,0,0,1,0,0
SYN-00915,4589.04,60,52,0.379,3,small,Nordics,0,0,1,1,0
SYN-00916,4345.95,60,23,0.258,2,midmarket,Southern Europe,0,0,0,0,0
SYN-00917,418.49,30,35,0.676,10,midmarket,Southern Europe,0,0,1,1,0
SYN-00918,2155.29,14,109,0.478,4,small,Southern Europe,0,0,0,1,0
SYN-00919,882.56,45,38,0.125,5,enterprise,UK,0,0,0,0,0
SYN-00920,3294.66,30,93,0.28,8,enterprise,UK,0,0,0,1,0
SYN-00921,1593.08,30,11,0.235,10,small,DACH,1,0,0,1,1
SYN-00922,582.43,14,35,0.154,5,midmarket,DACH,1,0,1,0,0
SYN-00923,2684.55,45,32,0.426,4,midmarket,Southern Europe,0,0,0,0,0
SYN-00924,1296.79,45,31,0.307,8,small,Southern Europe,0,0,1,1,0
SYN-00925,1654.36,30,78,0.105,4,small,DACH,0,0,0,0,1
SYN-00926,440.4,14,118,0.263,10,enterprise,Nordics,0,0,0,0,0
SYN-00927,717.2,45,14,0.172,8,small,Southern Europe,0,0,0,1,0
SYN-00928,4222.44,30,57,0.015,9,midmarket,UK,1,0,0,0,0
SYN-00929,2439.12,14,52,0.378,7,small,UK,0,0,0,0,0
SYN-00930,385.88,30,30,0.058,10,small,Nordics,0,0,0,1,1
SYN-00931,2149.25,45,111,0.136,10,small,UK,0,1,0,0,0
SYN-00932,6368.52,45,9,0.068,8,midmarket,UK,0,0,0,1,0
SYN-00933,4788.34,45,108,0.306,5,midmarket,DACH,0,0,0,1,1
SYN-00934,849.23,60,42,0.13,9,midmarket,UK,0,0,1,1,1
SYN-00935,1221.51,30,80,0.312,2,enterprise,Nordics,0,0,1,0,0
SYN-00936,5648.61,14,7,0.08,2,midmarket,UK,0,0,0,0,0
SYN-00937,7983.32,30,94,0.271,9,small,Southern Europe,0,0,0,1,0
SYN-00938,1064.95,45,95,0.22,10,midmarket,Nordics,0,0,0,1,0
SYN-00939,4098.98,45,76,0.347,1,small,DACH,0,0,0,1,1
SYN-00940,722.85,14,29,0.274,0,midmarket,Nordics,1,0,0,0,1
SYN-00941,1158.05,45,33,0.405,6,enterprise,Southern Europe,0,0,1,0,0
SYN-00942,1724.62,30,6,0.223,9,enterprise,Nordics,0,0,0,1,0
SYN-00943,1006.72,45,22,0.17,1,small,DACH,0,0,1,0,0
SYN-00944,2249.3,30,52,0.2,5,enterprise,UK,0,0,0,0,0
SYN-00945,2489.44,60,12,0.137,3,midmarket,Nordics,0,0,0,1,0
SYN-00946,833.74,45,87,0.206,4,small,UK,0,1,0,1,1
SYN-00947,5910.98,45,119,0.065,7,small,DACH,0,0,0,1,0
SYN-00948,3078.99,45,20,0.017,3,small,Southern Europe,0,0,0,0,0
SYN-00949,3785.77,45,85,0.043,0,midmarket,Nordics,0,0,0,0,0
SYN-00950,539.52,14,4,0.071,6,small,Southern Europe,1,0,1,1,1
SYN-00951,6040.98,45,56,0.069,10,small,DACH,0,0,0,0,0
SYN-00952,2360.01,60,69,0.527,1,small,UK,0,0,0,1,0
SYN-00953,866.46,45,41,0.371,2,enterprise,Nordics,0,0,1,0,1
SYN-00954,615.13,30,44,0.375,7,small,Nordics,0,0,0,1,1
SYN-00955,3518.31,30,94,0.151,7,small,Nordics,0,0,0,0,0
SYN-00956,4513.23,30,10,0.167,9,small,UK,0,1,0,1,0
SYN-00957,820.58,45,33,0.137,3,small,Southern Europe,0,0,0,0,0
SYN-00958,527.74,30,73,0.02,7,midmarket,Nordics,0,0,1,0,1
SYN-00959,563.94,14,65,0.173,7,small,Nordics,0,0,0,1,1
SYN-00960,3393.31,45,105,0.328,5,small,DACH,0,0,1,0,1
SYN-00961,4461.61,14,76,0.14,1,small,Southern Europe,0,0,1,1,0
SYN-00962,2626.75,30,59,0.422,7,midmarket,Nordics,0,0,0,1,0
SYN-00963,404.62,30,47,0.533,9,midmarket,Nordics,1,0,0,1,0
SYN-00964,1852.6,30,74,0.357,2,small,UK,0,0,0,0,0
SYN-00965,10407.77,14,76,0.42,8,midmarket,Southern Europe,0,0,0,1,1
SYN-00966,786.25,14,29,0.158,1,small,DACH,0,0,1,0,1
SYN-00967,689.23,45,105,0.072,1,small,DACH,0,0,0,0,0
SYN-00968,1718.15,30,109,0.328,8,small,Southern Europe,0,0,0,1,0
SYN-00969,3554.24,60,57,0.367,7,midmarket,Southern Europe,0,0,1,0,0
SYN-00970,7213.79,14,108,0.204,7,small,DACH,0,0,0,0,0
SYN-00971,489.48,14,36,0.079,8,small,Southern Europe,0,0,0,0,0
SYN-00972,1205.49,60,94,0.333,2,small,Southern Europe,0,0,0,1,0
SYN-00973,1125.51,14,62,0.194,7,midmarket,Southern Europe,1,0,0,0,1
SYN-00974,1654.73,14,40,0.183,9,small,Nordics,0,0,1,0,1
SYN-00975,8433.72,45,108,0.062,9,midmarket,Southern Europe,1,0,0,1,0
SYN-00976,2314.43,14,57,0.143,0,midmarket,Nordics,0,0,1,1,0
SYN-00977,366.36,45,105,0.461,5,small,DACH,0,0,1,1,0
SYN-00978,2178.59,60,27,0.158,7,enterprise,Nordics,0,0,1,1,0
SYN-00979,3888.34,30,82,0.092,10,enterprise,Nordics,0,0,0,0,0
SYN-00980,1973.28,45,75,0.237,0,midmarket,UK,0,0,0,1,0
SYN-00981,3787.48,45,72,0.347,2,midmarket,DACH,0,0,0,0,0
SYN-00982,1310.74,14,27,0.154,7,small,Southern Europe,0,0,1,1,0
SYN-00983,954.0,30,68,0.259,8,small,DACH,0,0,0,0,0
SYN-00984,1706.52,45,91,0.38,9,small,Southern Europe,0,0,0,1,0
SYN-00985,327.62,45,10,0.24,2,small,Nordics,0,0,0,0,0
SYN-00986,8149.24,60,119,0.151,9,small,UK,0,0,0,0,0
SYN-00987,555.0,14,1,0.351,8,midmarket,Nordics,0,0,0,0,0
SYN-00988,2287.18,30,92,0.591,3,midmarket,Southern Europe,1,0,0,0,1
SYN-00989,1249.1,60,26,0.423,3,small,DACH,0,0,0,1,0
SYN-00990,1254.45,60,4,0.314,5,small,DACH,1,0,0,1,0
SYN-00991,787.89,14,82,0.292,5,small,Southern Europe,0,1,1,1,0
SYN-00992,991.91,60,84,0.322,5,enterprise,DACH,0,0,0,1,0
SYN-00993,1135.45,45,80,0.057,9,midmarket,UK,1,0,0,1,0
SYN-00994,3994.02,45,64,0.724,0,midmarket,Nordics,0,0,0,1,0
SYN-00995,3251.35,60,45,0.254,6,midmarket,Southern Europe,0,0,0,0,0
SYN-00996,2673.64,14,30,0.14,0,midmarket,Nordics,0,1,0,0,0
SYN-00997,1877.15,60,112,0.194,0,small,Nordics,0,0,0,1,0
SYN-00998,405.56,45,3,0.33,5,midmarket,Nordics,0,1,0,1,0
SYN-00999,648.56,30,102,0.696,2,small,Nordics,0,0,0,1,0
SYN-01000,1363.63,60,12,0.44,6,small,Southern Europe,0,0,0,1,0
SYN-01001,1241.73,45,60,0.276,1,small,Southern Europe,1,0,1,1,1
SYN-01002,13681.24,60,22,0.171,1,midmarket,Nordics,0,0,0,1,0
SYN-01003,447.48,45,45,0.506,3,enterprise,DACH,1,0,0,0,0
SYN-01004,451.39,30,99,0.22,10,enterprise,DACH,0,0,0,0,0
SYN-01005,1379.5,60,118,0.276,0,small,DACH,0,0,0,0,0
SYN-01006,1073.84,45,39,0.092,3,midmarket,UK,1,1,0,0,1
SYN-01007,753.81,14,39,0.095,6,midmarket,UK,0,0,0,0,0
SYN-01008,1510.58,60,74,0.256,5,midmarket,UK,0,0,0,0,0
SYN-01009,2358.69,14,16,0.097,6,small,UK,0,0,0,1,0
SYN-01010,1641.02,45,84,0.358,2,midmarket,DACH,0,0,0,0,0
SYN-01011,692.06,14,48,0.109,7,small,UK,0,1,0,1,0
SYN-01012,575.87,30,33,0.411,3,small,UK,0,0,0,0,0
SYN-01013,1704.89,60,11,0.14,9,midmarket,UK,0,0,0,1,0
SYN-01014,579.25,60,88,0.13,6,enterprise,Nordics,1,0,0,0,0
SYN-01015,674.4,45,73,0.517,7,enterprise,DACH,0,0,0,1,0
SYN-01016,279.8,60,35,0.465,0,midmarket,UK,0,0,1,1,1
SYN-01017,1829.1,14,33,0.032,8,midmarket,Southern Europe,0,1,0,0,1
SYN-01018,2985.02,60,58,0.242,4,small,UK,0,0,0,0,0
SYN-01019,5480.01,60,43,0.118,9,enterprise,Nordics,0,0,0,0,0
SYN-01020,202.0,60,53,0.054,1,small,UK,1,0,0,0,0
SYN-01021,415.44,45,30,0.392,2,small,UK,0,0,0,1,0
SYN-01022,4508.62,30,70,0.133,2,midmarket,DACH,1,0,1,1,0
SYN-01023,6038.16,30,7,0.059,7,midmarket,Nordics,0,0,0,1,0
SYN-01024,2488.27,14,31,0.692,3,small,UK,1,0,0,0,1
SYN-01025,1127.71,60,86,0.289,4,enterprise,Nordics,0,0,1,[PREDICT],[PREDICT]
SYN-01026,2133.03,14,53,0.099,9,small,UK,1,0,0,[PREDICT],[PREDICT]
SYN-01027,3110.37,30,12,0.362,6,midmarket,Southern Europe,0,0,0,[PREDICT],[PREDICT]
SYN-01028,811.0,14,84,0.384,9,enterprise,Nordics,0,0,0,[PREDICT],[PREDICT]
SYN-01029,2201.79,45,98,0.139,2,small,UK,0,0,0,[PREDICT],[PREDICT]
SYN-01030,1872.64,14,70,0.146,3,midmarket,UK,0,0,0,[PREDICT],[PREDICT]
SYN-01031,754.99,14,8,0.174,7,small,Nordics,0,0,0,[PREDICT],[PREDICT]
SYN-01032,947.56,60,17,0.016,1,enterprise,UK,0,0,0,[PREDICT],[PREDICT]
SYN-01033,1386.29,30,88,0.104,9,midmarket,Southern Europe,0,0,0,[PREDICT],[PREDICT]
SYN-01034,1185.69,60,17,0.13,2,small,Nordics,0,0,1,[PREDICT],[PREDICT]
SYN-01035,2014.95,45,8,0.318,1,small,UK,0,0,0,[PREDICT],[PREDICT]
SYN-01036,4489.03,30,17,0.149,7,midmarket,UK,1,1,0,[PREDICT],[PREDICT]
SYN-01037,1713.44,45,67,0.094,6,small,Nordics,0,0,0,[PREDICT],[PREDICT]
SYN-01038,2805.44,14,34,0.081,1,enterprise,Southern Europe,0,0,0,[PREDICT],[PREDICT]
SYN-01039,2042.75,14,6,0.397,5,midmarket,UK,0,1,0,[PREDICT],[PREDICT]
SYN-01040,711.87,30,16,0.415,7,enterprise,Southern Europe,1,0,0,[PREDICT],[PREDICT]
SYN-01041,4130.51,45,40,0.202,10,small,Southern Europe,0,0,0,[PREDICT],[PREDICT]
SYN-01042,1012.99,45,44,0.355,10,enterprise,UK,0,1,0,[PREDICT],[PREDICT]
SYN-01043,4375.43,30,43,0.197,9,small,Southern Europe,0,0,0,[PREDICT],[PREDICT]
SYN-01044,5130.08,14,59,0.368,8,midmarket,UK,0,0,1,[PREDICT],[PREDICT]
SYN-01045,2457.13,30,15,0.13,4,small,DACH,0,0,0,[PREDICT],[PREDICT]
SYN-01046,1461.37,45,104,0.1,5,midmarket,UK,1,0,0,[PREDICT],[PREDICT]
SYN-01047,809.38,30,41,0.028,3,small,DACH,0,0,0,[PREDICT],[PREDICT]
SYN-01048,1473.32,30,64,0.647,6,enterprise,DACH,1,0,0,[PREDICT],[PREDICT]
SYN-01049,1520.15,45,106,0.287,10,enterprise,Nordics,0,0,0,[PREDICT],[PREDICT]
SYN-01050,3874.95,14,70,0.511,6,small,Southern Europe,0,0,0,[PREDICT],[PREDICT]
SYN-01051,6853.06,60,22,0.276,3,enterprise,Nordics,1,0,0,[PREDICT],[PREDICT]
SYN-01052,647.59,60,69,0.188,9,midmarket,DACH,0,0,1,[PREDICT],[PREDICT]
SYN-01053,839.63,60,16,0.447,9,enterprise,Nordics,0,0,1,[PREDICT],[PREDICT]
SYN-01054,1906.36,45,15,0.084,8,midmarket,UK,0,0,0,[PREDICT],[PREDICT]
SYN-01055,9546.7,14,41,0.071,9,midmarket,Nordics,0,0,0,[PREDICT],[PREDICT]
SYN-01056,3252.39,45,114,0.394,9,midmarket,Nordics,0,0,0,[PREDICT],[PREDICT]
SYN-01057,3829.37,45,77,0.137,3,midmarket,DACH,0,0,0,[PREDICT],[PREDICT]
SYN-01058,1956.2,30,46,0.425,9,small,UK,0,0,0,[PREDICT],[PREDICT]
SYN-01059,1007.9,30,8,0.195,8,enterprise,Southern Europe,0,0,0,[PREDICT],[PREDICT]
SYN-01060,3703.3,30,3,0.379,5,enterprise,Southern Europe,1,0,0,[PREDICT],[PREDICT]
SYN-01061,1353.53,60,118,0.528,7,small,DACH,0,1,1,[PREDICT],[PREDICT]
SYN-01062,1745.99,60,69,0.264,8,small,Nordics,0,0,0,[PREDICT],[PREDICT]
SYN-01063,836.64,45,106,0.013,3,enterprise,DACH,0,0,0,[PREDICT],[PREDICT]
SYN-01064,1138.41,60,84,0.383,0,enterprise,DACH,0,0,1,[PREDICT],[PREDICT]
SYN-01065,9035.46,30,89,0.416,7,enterprise,DACH,0,0,0,[PREDICT],[PREDICT]
SYN-01066,3075.86,14,40,0.057,4,midmarket,Southern Europe,0,0,0,[PREDICT],[PREDICT]
SYN-01067,7276.08,60,65,0.229,5,enterprise,Nordics,0,0,0,[PREDICT],[PREDICT]
SYN-01068,2494.97,45,116,0.429,10,midmarket,Nordics,0,0,0,[PREDICT],[PREDICT]
SYN-01069,2378.75,30,54,0.176,8,midmarket,UK,0,0,0,[PREDICT],[PREDICT]
SYN-01070,8293.74,45,47,0.714,0,enterprise,DACH,0,0,0,[PREDICT],[PREDICT]
SYN-01071,157.02,30,78,0.133,4,enterprise,DACH,1,1,1,[PREDICT],[PREDICT]
SYN-01072,2755.53,45,39,0.432,9,midmarket,UK,0,0,0,[PREDICT],[PREDICT]
SYN-01073,13354.45,30,12,0.518,1,enterprise,DACH,0,0,0,[PREDICT],[PREDICT]
SYN-01074,1381.53,30,14,0.117,8,midmarket,Southern Europe,0,0,0,[PREDICT],[PREDICT]
SYN-01075,9097.83,30,107,0.598,6,midmarket,Nordics,1,0,0,[PREDICT],[PREDICT]
SYN-01076,518.37,30,117,0.147,4,small,UK,0,0,0,[PREDICT],[PREDICT]
SYN-01077,543.5,60,1,0.45,10,enterprise,Nordics,0,0,0,[PREDICT],[PREDICT]
SYN-01078,570.31,30,89,0.321,8,midmarket,Southern Europe,0,0,0,[PREDICT],[PREDICT]
SYN-01079,11829.88,30,115,0.277,2,enterprise,UK,1,0,0,[PREDICT],[PREDICT]
SYN-01080,6857.05,45,60,0.413,2,small,UK,0,0,0,[PREDICT],[PREDICT]
SYN-01081,915.2,45,73,0.087,3,small,Southern Europe,0,0,1,[PREDICT],[PREDICT]
SYN-01082,2561.37,14,97,0.229,4,midmarket,DACH,0,0,1,[PREDICT],[PREDICT]
SYN-01083,912.75,30,118,0.19,2,midmarket,Nordics,0,0,0,[PREDICT],[PREDICT]
SYN-01084,1213.12,45,114,0.337,1,enterprise,Southern Europe,1,0,1,[PREDICT],[PREDICT]
SYN-01085,1060.19,14,110,0.483,6,small,DACH,0,0,0,[PREDICT],[PREDICT]
SYN-01086,4377.24,60,41,0.257,8,small,Nordics,0,0,0,[PREDICT],[PREDICT]
SYN-01087,7195.71,14,88,0.349,3,small,UK,0,0,0,[PREDICT],[PREDICT]
SYN-01088,2309.42,60,102,0.203,3,midmarket,UK,0,0,0,[PREDICT],[PREDICT]
SYN-01089,3111.37,30,113,0.203,8,enterprise,DACH,0,0,0,[PREDICT],[PREDICT]
SYN-01090,325.69,45,104,0.208,10,small,UK,0,0,0,[PREDICT],[PREDICT]
SYN-01091,418.84,30,114,0.313,5,midmarket,Nordics,1,0,0,[PREDICT],[PREDICT]
SYN-01092,1590.05,14,24,0.226,6,enterprise,DACH,0,0,1,[PREDICT],[PREDICT]
SYN-01093,2333.72,45,4,0.149,9,small,DACH,0,0,1,[PREDICT],[PREDICT]
SYN-01094,1601.96,60,80,0.276,1,small,UK,0,0,0,[PREDICT],[PREDICT]
SYN-01095,3906.26,60,14,0.029,1,midmarket,UK,0,0,1,[PREDICT],[PREDICT]
SYN-01096,1130.95,30,44,0.086,9,small,Southern Europe,0,0,0,[PREDICT],[PREDICT]
SYN-01097,2175.25,14,61,0.454,5,small,Southern Europe,0,0,0,[PREDICT],[PREDICT]
SYN-01098,1764.37,60,34,0.506,5,small,DACH,0,0,0,[PREDICT],[PREDICT]
SYN-01099,2446.82,14,104,0.231,10,enterprise,DACH,0,0,0,[PREDICT],[PREDICT]
SYN-01100,3255.34,45,68,0.304,2,small,UK,0,0,1,[PREDICT],[PREDICT]
SYN-01101,1097.12,45,33,0.279,8,enterprise,DACH,0,0,0,[PREDICT],[PREDICT]
SYN-01102,4082.41,60,20,0.045,7,midmarket,DACH,0,0,0,[PREDICT],[PREDICT]
SYN-01103,386.53,60,112,0.105,0,midmarket,Nordics,0,0,0,[PREDICT],[PREDICT]
SYN-01104,2105.28,45,30,0.223,4,enterprise,Southern Europe,0,0,0,[PREDICT],[PREDICT]
SYN-01105,4254.97,14,35,0.518,1,small,Nordics,0,0,0,[PREDICT],[PREDICT]
SYN-01106,6840.24,14,68,0.509,10,midmarket,Nordics,0,0,0,[PREDICT],[PREDICT]
SYN-01107,1837.43,45,40,0.294,9,small,Southern Europe,0,0,0,[PREDICT],[PREDICT]
SYN-01108,1670.03,45,114,0.238,7,midmarket,UK,0,0,0,[PREDICT],[PREDICT]
SYN-01109,3996.3,60,102,0.114,7,small,DACH,0,0,1,[PREDICT],[PREDICT]
SYN-01110,738.39,14,1,0.482,7,small,Southern Europe,0,0,0,[PREDICT],[PREDICT]
SYN-01111,2862.3,30,98,0.308,10,midmarket,Nordics,0,0,0,[PREDICT],[PREDICT]
SYN-01112,1751.67,30,34,0.304,5,midmarket,Southern Europe,1,0,0,[PREDICT],[PREDICT]
SYN-01113,3633.01,45,5,0.118,6,small,Nordics,0,0,1,[PREDICT],[PREDICT]
SYN-01114,1117.28,14,78,0.404,0,small,DACH,0,0,0,[PREDICT],[PREDICT]
SYN-01115,5374.15,14,98,0.259,10,small,Nordics,0,0,0,[PREDICT],[PREDICT]
SYN-01116,739.2,30,112,0.038,10,small,Nordics,0,0,0,[PREDICT],[PREDICT]
SYN-01117,1756.26,30,75,0.284,8,midmarket,DACH,0,0,1,[PREDICT],[PREDICT]
SYN-01118,5797.82,60,119,0.263,6,midmarket,DACH,0,1,0,[PREDICT],[PREDICT]
SYN-01119,1102.03,45,105,0.026,5,small,Southern Europe,1,0,0,[PREDICT],[PREDICT]
SYN-01120,290.52,45,31,0.239,4,small,DACH,1,0,0,[PREDICT],[PREDICT]
SYN-01121,2962.39,45,17,0.061,9,midmarket,DACH,0,0,0,[PREDICT],[PREDICT]
SYN-01122,1873.16,14,33,0.15,8,midmarket,Nordics,0,0,0,[PREDICT],[PREDICT]
SYN-01123,872.74,14,91,0.092,6,small,UK,0,0,0,[PREDICT],[PREDICT]
SYN-01124,3566.14,45,11,0.2,2,small,DACH,0,1,0,[PREDICT],[PREDICT]
SYN-01125,3446.14,60,16,0.442,5,small,DACH,0,0,0,[PREDICT],[PREDICT]
SYN-01126,1491.75,14,49,0.127,10,midmarket,Southern Europe,1,0,0,[PREDICT],[PREDICT]
SYN-01127,2766.69,60,16,0.473,9,enterprise,UK,0,0,0,[PREDICT],[PREDICT]
SYN-01128,3438.59,30,5,0.28,0,midmarket,DACH,0,0,0,[PREDICT],[PREDICT]
SYN-01129,2523.85,30,42,0.407,4,midmarket,DACH,0,0,0,[PREDICT],[PREDICT]
SYN-01130,1114.75,14,65,0.159,0,small,DACH,0,0,0,[PREDICT],[PREDICT]
SYN-01131,9276.91,60,57,0.197,8,midmarket,UK,0,1,0,[PREDICT],[PREDICT]
SYN-01132,1662.2,30,3,0.283,6,small,DACH,0,0,0,[PREDICT],[PREDICT]
SYN-01133,1250.23,14,44,0.053,10,small,Nordics,0,0,1,[PREDICT],[PREDICT]
SYN-01134,706.53,45,61,0.246,8,small,DACH,0,0,0,[PREDICT],[PREDICT]
SYN-01135,1066.14,30,98,0.25,5,small,DACH,0,0,0,[PREDICT],[PREDICT]
SYN-01136,630.02,45,75,0.134,7,enterprise,Nordics,0,0,0,[PREDICT],[PREDICT]
SYN-01137,1091.14,45,79,0.431,8,small,DACH,1,0,0,[PREDICT],[PREDICT]
SYN-01138,4039.65,45,70,0.286,0,midmarket,DACH,0,0,0,[PREDICT],[PREDICT]
SYN-01139,1456.78,60,17,0.341,3,midmarket,Southern Europe,0,0,0,[PREDICT],[PREDICT]
SYN-01140,19352.99,14,57,0.503,3,small,Nordics,0,0,1,[PREDICT],[PREDICT]
SYN-01141,1371.82,45,50,0.063,2,midmarket,DACH,0,0,1,[PREDICT],[PREDICT]
SYN-01142,932.87,30,34,0.367,4,midmarket,DACH,0,0,0,[PREDICT],[PREDICT]
SYN-01143,1726.43,45,53,0.285,4,enterprise,Nordics,0,0,0,[PREDICT],[PREDICT]
SYN-01144,2859.88,30,112,0.25,4,midmarket,Nordics,0,0,0,[PREDICT],[PREDICT]
SYN-01145,4509.11,30,62,0.063,1,enterprise,Southern Europe,0,0,0,[PREDICT],[PREDICT]
SYN-01146,1330.47,45,61,0.392,2,small,Nordics,0,0,0,[PREDICT],[PREDICT]
SYN-01147,3529.33,30,88,0.316,0,small,DACH,0,0,1,[PREDICT],[PREDICT]
SYN-01148,4296.74,14,21,0.1,0,small,UK,0,0,0,[PREDICT],[PREDICT]
SYN-01149,2557.48,30,96,0.768,2,small,Southern Europe,0,0,0,[PREDICT],[PREDICT]
SYN-01150,385.73,30,92,0.398,5,enterprise,Southern Europe,0,0,0,[PREDICT],[PREDICT]
SYN-01151,3390.28,14,71,0.438,10,enterprise,Southern Europe,0,1,0,[PREDICT],[PREDICT]
SYN-01152,1340.7,30,15,0.07,6,enterprise,UK,0,0,0,[PREDICT],[PREDICT]
